Year,Month,Month_Name,Quarter,Region,Product_Line,Revenue,COGS,Gross_Profit,Gross_Margin_Pct,Revenue_Target,Attainment_Pct,Deals_Closed,New_Logos,Churned_Accounts,Net_Revenue_Retention,CAC,LTV_Estimate,Pipeline_Generated,Pipeline_Conversion_Pct
2022,1,Jan,Q1,Northeast,Enterprise SaaS,1506131,424690,1081441,71.8,1890000,79.7,118,2,2,104.7,17893,108202,4958595,33.5
2022,1,Jan,Q1,Southeast,Enterprise SaaS,1022089,299977,722112,70.7,1155000,88.5,218,7,0,114.4,22053,225036,3967906,22.6
2022,1,Jan,Q1,Midwest,Enterprise SaaS,811646,228659,582987,71.8,997500,81.4,211,4,3,95.7,15593,108221,2843000,34.0
2022,1,Jan,Q1,West,Enterprise SaaS,1949943,564342,1385601,71.1,2415000,80.7,185,6,0,124.6,11510,301503,8009000,27.0
2022,1,Jan,Q1,International,Enterprise SaaS,1211641,377882,833759,68.8,1470000,82.4,199,3,0,112.4,13310,200402,3747730,32.2
2022,1,Jan,Q1,Northeast,Professional Services,393261,232520,160741,40.9,451500,87.1,41,0,0,117.4,0,0,1432944,23.7
2022,1,Jan,Q1,Southeast,Professional Services,255794,149477,106317,41.6,294000,87.0,23,0,0,109.1,0,0,967226,26.2
2022,1,Jan,Q1,Midwest,Professional Services,180677,111112,69565,38.5,220500,81.9,34,0,0,116.3,0,0,620023,29.8
2022,1,Jan,Q1,West,Professional Services,518049,309821,208228,40.2,619500,83.6,18,0,0,113.6,0,0,1735044,28.8
2022,1,Jan,Q1,International,Professional Services,284647,169244,115403,40.5,336000,84.7,16,0,0,127.6,0,0,1115423,33.6
2022,1,Jan,Q1,Northeast,Support & Maintenance,164296,49556,114740,69.8,199500,82.4,561,0,0,119.2,0,0,607347,22.6
2022,1,Jan,Q1,Southeast,Support & Maintenance,108293,33137,75156,69.4,126000,85.9,535,0,0,117.4,0,0,347407,30.5
2022,1,Jan,Q1,Midwest,Support & Maintenance,81269,24396,56873,70.0,99750,81.5,453,0,0,111.7,0,0,251299,37.9
2022,1,Jan,Q1,West,Support & Maintenance,237530,70874,166656,70.2,288750,82.3,700,0,0,108.2,0,0,992714,30.9
2022,1,Jan,Q1,International,Support & Maintenance,129056,39350,89706,69.5,152250,84.8,691,0,0,112.2,0,0,482198,37.2
2022,1,Jan,Q1,Northeast,Training & Enablement,74105,37699,36406,49.1,89250,83.0,36,0,0,123.9,0,0,210409,32.0
2022,1,Jan,Q1,Southeast,Training & Enablement,48225,23984,24241,50.3,57750,83.5,36,0,0,123.7,0,0,136792,29.0
2022,1,Jan,Q1,Midwest,Training & Enablement,35156,17782,17374,49.4,44100,79.7,80,0,0,115.9,0,0,141164,27.2
2022,1,Jan,Q1,West,Training & Enablement,99976,48987,50989,51.0,126000,79.3,65,0,0,110.9,0,0,292613,30.6
2022,1,Jan,Q1,International,Training & Enablement,56647,27664,28983,51.2,71400,79.3,44,0,0,122.8,0,0,214314,22.8
2022,2,Feb,Q1,Northeast,Enterprise SaaS,1684913,496252,1188661,70.5,1890000,89.1,97,4,0,122.4,24559,201946,4909671,27.7
2022,2,Feb,Q1,Southeast,Enterprise SaaS,1033917,330278,703639,68.1,1155000,89.5,184,4,0,113.2,12450,307758,3722137,31.8
2022,2,Feb,Q1,Midwest,Enterprise SaaS,851591,254937,596654,70.1,997500,85.4,208,7,0,117.5,8736,168452,3533520,30.3
2022,2,Feb,Q1,West,Enterprise SaaS,2141640,627013,1514627,70.7,2415000,88.7,90,2,2,98.0,13652,312025,7949393,36.4
2022,2,Feb,Q1,International,Enterprise SaaS,1285096,374730,910366,70.8,1470000,87.4,194,2,0,127.8,20504,101430,5024010,24.3
2022,2,Feb,Q1,Northeast,Professional Services,395001,244362,150639,38.1,451500,87.5,40,0,0,116.3,0,0,1169085,23.0
2022,2,Feb,Q1,Southeast,Professional Services,259589,152445,107144,41.3,294000,88.3,33,0,0,110.1,0,0,836989,35.1
2022,2,Feb,Q1,Midwest,Professional Services,188372,111002,77370,41.1,220500,85.4,45,0,0,126.7,0,0,778717,28.3
2022,2,Feb,Q1,West,Professional Services,512021,313625,198396,38.7,619500,82.7,25,0,0,117.7,0,0,1683112,22.5
2022,2,Feb,Q1,International,Professional Services,281421,171504,109917,39.1,336000,83.8,30,0,0,119.8,0,0,1072941,36.8
2022,2,Feb,Q1,Northeast,Support & Maintenance,166377,51419,114958,69.1,199500,83.4,532,0,0,121.2,0,0,572151,26.3
2022,2,Feb,Q1,Southeast,Support & Maintenance,116814,34565,82249,70.4,126000,92.7,302,0,0,121.2,0,0,466838,25.7
2022,2,Feb,Q1,Midwest,Support & Maintenance,89725,27642,62083,69.2,99750,89.9,534,0,0,108.2,0,0,299255,30.9
2022,2,Feb,Q1,West,Support & Maintenance,243034,73363,169671,69.8,288750,84.2,462,0,0,124.6,0,0,998559,34.5
2022,2,Feb,Q1,International,Support & Maintenance,133682,39663,94019,70.3,152250,87.8,256,0,0,121.1,0,0,374834,31.4
2022,2,Feb,Q1,Northeast,Training & Enablement,77941,39505,38436,49.3,89250,87.3,40,0,0,112.8,0,0,240119,29.6
2022,2,Feb,Q1,Southeast,Training & Enablement,53598,27166,26432,49.3,57750,92.8,18,0,0,119.1,0,0,176848,37.4
2022,2,Feb,Q1,Midwest,Training & Enablement,38687,19160,19527,50.5,44100,87.7,10,0,0,127.5,0,0,125243,37.6
2022,2,Feb,Q1,West,Training & Enablement,116127,58526,57601,49.6,126000,92.2,21,0,0,123.7,0,0,440618,32.0
2022,2,Feb,Q1,International,Training & Enablement,64555,32828,31727,49.1,71400,90.4,54,0,0,113.9,0,0,193588,26.6
2022,3,Mar,Q1,Northeast,Enterprise SaaS,1798586,538134,1260452,70.1,1890000,95.2,179,3,0,123.1,22594,162668,5601337,32.0
2022,3,Mar,Q1,Southeast,Enterprise SaaS,1139044,319628,819416,71.9,1155000,98.6,275,5,2,101.1,21867,95056,3594274,23.9
2022,3,Mar,Q1,Midwest,Enterprise SaaS,998929,293723,705206,70.6,997500,100.1,145,4,2,104.4,13457,260084,4158086,26.6
2022,3,Mar,Q1,West,Enterprise SaaS,2485560,772051,1713509,68.9,2415000,102.9,274,2,0,125.6,10446,284043,9597005,25.4
2022,3,Mar,Q1,International,Enterprise SaaS,1405374,422361,983013,69.9,1470000,95.6,229,7,2,105.4,23104,178186,5517394,28.4
2022,3,Mar,Q1,Northeast,Professional Services,440098,258512,181586,41.3,451500,97.5,34,0,0,122.6,0,0,1426424,32.9
2022,3,Mar,Q1,Southeast,Professional Services,284006,171100,112906,39.8,294000,96.6,29,0,0,124.9,0,0,975315,29.7
2022,3,Mar,Q1,Midwest,Professional Services,222561,132455,90106,40.5,220500,100.9,18,0,0,115.4,0,0,922035,31.8
2022,3,Mar,Q1,West,Professional Services,588113,358590,229523,39.0,619500,94.9,40,0,0,112.4,0,0,2260907,27.3
2022,3,Mar,Q1,International,Professional Services,343606,211217,132389,38.5,336000,102.3,34,0,0,123.0,0,0,1372074,32.6
2022,3,Mar,Q1,Northeast,Support & Maintenance,192491,58125,134366,69.8,199500,96.5,516,0,0,110.0,0,0,696883,26.0
2022,3,Mar,Q1,Southeast,Support & Maintenance,123384,36087,87297,70.8,126000,97.9,447,0,0,127.1,0,0,446095,33.6
2022,3,Mar,Q1,Midwest,Support & Maintenance,96727,28775,67952,70.3,99750,97.0,762,0,0,108.3,0,0,378290,27.5
2022,3,Mar,Q1,West,Support & Maintenance,299776,89099,210677,70.3,288750,103.8,620,0,0,113.5,0,0,1212787,26.4
2022,3,Mar,Q1,International,Support & Maintenance,159313,47003,112310,70.5,152250,104.6,515,0,0,127.1,0,0,600211,23.7
2022,3,Mar,Q1,Northeast,Training & Enablement,87429,44245,43184,49.4,89250,98.0,14,0,0,111.5,0,0,299475,28.2
2022,3,Mar,Q1,Southeast,Training & Enablement,57971,29955,28016,48.3,57750,100.4,58,0,0,112.0,0,0,223034,32.1
2022,3,Mar,Q1,Midwest,Training & Enablement,43066,22162,20904,48.5,44100,97.7,10,0,0,111.5,0,0,154742,24.5
2022,3,Mar,Q1,West,Training & Enablement,122623,62853,59770,48.7,126000,97.3,60,0,0,118.3,0,0,361673,22.6
2022,3,Mar,Q1,International,Training & Enablement,72251,36870,35381,49.0,71400,101.2,15,0,0,111.5,0,0,224309,34.6
2022,4,Apr,Q2,Northeast,Enterprise SaaS,1848088,556222,1291866,69.9,1890000,97.8,199,2,0,112.7,22382,109385,7296072,29.9
2022,4,Apr,Q2,Southeast,Enterprise SaaS,1109112,344074,765038,69.0,1155000,96.0,101,1,1,103.7,9725,232962,4609293,37.8
2022,4,Apr,Q2,Midwest,Enterprise SaaS,936253,273042,663211,70.8,997500,93.9,131,5,0,109.8,13977,167224,3906008,27.6
2022,4,Apr,Q2,West,Enterprise SaaS,2344391,705061,1639330,69.9,2415000,97.1,158,3,3,101.2,21461,96149,8051342,33.4
2022,4,Apr,Q2,International,Enterprise SaaS,1290276,372961,917315,71.1,1470000,87.8,218,4,0,118.9,23932,299406,3997595,25.6
2022,4,Apr,Q2,Northeast,Professional Services,405159,249535,155624,38.4,451500,89.7,27,0,0,115.2,0,0,1171827,37.5
2022,4,Apr,Q2,Southeast,Professional Services,256123,153944,102179,39.9,294000,87.1,26,0,0,110.1,0,0,998496,35.6
2022,4,Apr,Q2,Midwest,Professional Services,194105,114014,80091,41.3,220500,88.0,43,0,0,115.6,0,0,735270,26.7
2022,4,Apr,Q2,West,Professional Services,544631,329145,215486,39.6,619500,87.9,27,0,0,126.0,0,0,2174413,27.7
2022,4,Apr,Q2,International,Professional Services,311632,184297,127335,40.9,336000,92.7,21,0,0,120.7,0,0,943518,28.8
2022,4,Apr,Q2,Northeast,Support & Maintenance,180429,54749,125680,69.7,199500,90.4,782,0,0,125.8,0,0,692137,25.2
2022,4,Apr,Q2,Southeast,Support & Maintenance,109464,32999,76465,69.9,126000,86.9,791,0,0,111.4,0,0,378639,22.1
2022,4,Apr,Q2,Midwest,Support & Maintenance,90567,27079,63488,70.1,99750,90.8,463,0,0,111.9,0,0,294057,28.0
2022,4,Apr,Q2,West,Support & Maintenance,251381,74087,177294,70.5,288750,87.1,671,0,0,110.4,0,0,849034,36.2
2022,4,Apr,Q2,International,Support & Maintenance,146465,43394,103071,70.4,152250,96.2,409,0,0,115.9,0,0,556983,29.4
2022,4,Apr,Q2,Northeast,Training & Enablement,77780,40115,37665,48.4,89250,87.1,40,0,0,126.3,0,0,224488,37.0
2022,4,Apr,Q2,Southeast,Training & Enablement,53419,26518,26901,50.4,57750,92.5,80,0,0,116.6,0,0,203923,34.1
2022,4,Apr,Q2,Midwest,Training & Enablement,38817,18886,19931,51.3,44100,88.0,51,0,0,114.4,0,0,111565,37.2
2022,4,Apr,Q2,West,Training & Enablement,117435,57402,60033,51.1,126000,93.2,35,0,0,111.1,0,0,434903,25.0
2022,4,Apr,Q2,International,Training & Enablement,65760,33115,32645,49.6,71400,92.1,63,0,0,126.1,0,0,203558,31.1
2022,5,May,Q2,Northeast,Enterprise SaaS,1918850,579129,1339721,69.8,1890000,101.5,150,3,1,98.9,19021,242708,7953550,25.1
2022,5,May,Q2,Southeast,Enterprise SaaS,1100477,317274,783203,71.2,1155000,95.3,150,4,0,110.7,20518,161773,3245601,30.5
2022,5,May,Q2,Midwest,Enterprise SaaS,951763,283522,668241,70.2,997500,95.4,123,4,0,108.5,19691,140975,3564445,32.6
2022,5,May,Q2,West,Enterprise SaaS,2275152,705214,1569938,69.0,2415000,94.2,192,2,0,115.9,10299,141982,7991177,35.2
2022,5,May,Q2,International,Enterprise SaaS,1443684,443181,1000503,69.3,1470000,98.2,223,4,0,119.4,15192,139087,5876647,37.2
2022,5,May,Q2,Northeast,Professional Services,443164,267528,175636,39.6,451500,98.2,45,0,0,108.9,0,0,1468242,28.6
2022,5,May,Q2,Southeast,Professional Services,273987,163460,110527,40.3,294000,93.2,33,0,0,115.7,0,0,999081,37.0
2022,5,May,Q2,Midwest,Professional Services,205835,124932,80903,39.3,220500,93.3,39,0,0,117.4,0,0,755489,35.8
2022,5,May,Q2,West,Professional Services,577457,353197,224260,38.8,619500,93.2,44,0,0,111.9,0,0,2379332,35.9
2022,5,May,Q2,International,Professional Services,326273,199513,126760,38.9,336000,97.1,39,0,0,112.5,0,0,998436,28.2
2022,5,May,Q2,Northeast,Support & Maintenance,203302,62300,141002,69.4,199500,101.9,621,0,0,122.7,0,0,574667,27.8
2022,5,May,Q2,Southeast,Support & Maintenance,130883,37999,92884,71.0,126000,103.9,760,0,0,112.8,0,0,510802,35.9
2022,5,May,Q2,Midwest,Support & Maintenance,99079,28834,70245,70.9,99750,99.3,617,0,0,110.5,0,0,315986,37.5
2022,5,May,Q2,West,Support & Maintenance,268073,78206,189867,70.8,288750,92.8,764,0,0,116.2,0,0,823281,30.6
2022,5,May,Q2,International,Support & Maintenance,144374,42911,101463,70.3,152250,94.8,463,0,0,116.7,0,0,526977,24.1
2022,5,May,Q2,Northeast,Training & Enablement,91532,46938,44594,48.7,89250,102.6,62,0,0,120.5,0,0,320101,24.0
2022,5,May,Q2,Southeast,Training & Enablement,54827,27571,27256,49.7,57750,94.9,38,0,0,117.1,0,0,190272,23.5
2022,5,May,Q2,Midwest,Training & Enablement,45836,23213,22623,49.4,44100,103.9,27,0,0,109.0,0,0,160216,25.8
2022,5,May,Q2,West,Training & Enablement,126756,61467,65289,51.5,126000,100.6,17,0,0,115.8,0,0,387211,32.3
2022,5,May,Q2,International,Training & Enablement,73072,35292,37780,51.7,71400,102.3,59,0,0,109.4,0,0,302332,34.7
2022,6,Jun,Q2,Northeast,Enterprise SaaS,2075902,644600,1431302,68.9,1890000,109.8,159,3,0,111.2,21142,235731,7202589,30.1
2022,6,Jun,Q2,Southeast,Enterprise SaaS,1214480,358298,856182,70.5,1155000,105.1,227,3,2,104.3,23438,110595,4509357,31.2
2022,6,Jun,Q2,Midwest,Enterprise SaaS,1072224,313212,759012,70.8,997500,107.5,110,5,0,126.4,23762,221896,4047417,22.2
2022,6,Jun,Q2,West,Enterprise SaaS,2584488,732162,1852326,71.7,2415000,107.0,156,7,0,127.1,19954,285527,9480832,32.4
2022,6,Jun,Q2,International,Enterprise SaaS,1555817,485804,1070013,68.8,1470000,105.8,129,3,0,111.7,23025,211894,5524373,23.2
2022,6,Jun,Q2,Northeast,Professional Services,443263,268364,174899,39.5,451500,98.2,41,0,0,124.0,0,0,1835626,36.4
2022,6,Jun,Q2,Southeast,Professional Services,318400,196198,122202,38.4,294000,108.3,36,0,0,118.5,0,0,1289292,36.4
2022,6,Jun,Q2,Midwest,Professional Services,221817,135282,86535,39.0,220500,100.6,18,0,0,121.0,0,0,634097,34.9
2022,6,Jun,Q2,West,Professional Services,621233,382710,238523,38.4,619500,100.3,20,0,0,108.3,0,0,1934810,35.9
2022,6,Jun,Q2,International,Professional Services,345226,201514,143712,41.6,336000,102.7,37,0,0,123.6,0,0,992530,32.6
2022,6,Jun,Q2,Northeast,Support & Maintenance,197124,57930,139194,70.6,199500,98.8,692,0,0,119.8,0,0,785362,31.5
2022,6,Jun,Q2,Southeast,Support & Maintenance,124050,36685,87365,70.4,126000,98.5,423,0,0,123.9,0,0,465723,33.7
2022,6,Jun,Q2,Midwest,Support & Maintenance,106650,32733,73917,69.3,99750,106.9,613,0,0,113.1,0,0,373331,27.3
2022,6,Jun,Q2,West,Support & Maintenance,302335,91944,210391,69.6,288750,104.7,670,0,0,108.0,0,0,1042825,23.7
2022,6,Jun,Q2,International,Support & Maintenance,149179,45944,103235,69.2,152250,98.0,560,0,0,124.9,0,0,456558,28.2
2022,6,Jun,Q2,Northeast,Training & Enablement,89798,44233,45565,50.7,89250,100.6,59,0,0,110.2,0,0,316025,22.9
2022,6,Jun,Q2,Southeast,Training & Enablement,58396,28040,30356,52.0,57750,101.1,10,0,0,108.6,0,0,173256,23.8
2022,6,Jun,Q2,Midwest,Training & Enablement,45383,22256,23127,51.0,44100,102.9,37,0,0,123.8,0,0,141170,22.1
2022,6,Jun,Q2,West,Training & Enablement,137733,69721,68012,49.4,126000,109.3,48,0,0,113.9,0,0,441049,29.7
2022,6,Jun,Q2,International,Training & Enablement,76406,36868,39538,51.7,71400,107.0,72,0,0,117.6,0,0,251320,37.1
2022,7,Jul,Q3,Northeast,Enterprise SaaS,1752706,537536,1215170,69.3,1890000,92.7,277,2,0,123.2,18100,290489,5963791,35.0
2022,7,Jul,Q3,Southeast,Enterprise SaaS,996133,283084,713049,71.6,1155000,86.2,241,6,0,124.6,23639,166813,3222511,28.5
2022,7,Jul,Q3,Midwest,Enterprise SaaS,909719,263964,645755,71.0,997500,91.2,141,4,0,116.5,19280,140411,3382600,22.1
2022,7,Jul,Q3,West,Enterprise SaaS,2167911,682823,1485088,68.5,2415000,89.8,272,4,1,98.5,15008,152646,7949233,27.9
2022,7,Jul,Q3,International,Enterprise SaaS,1350213,378876,971337,71.9,1470000,91.9,88,4,3,98.7,20586,213408,3955755,32.3
2022,7,Jul,Q3,Northeast,Professional Services,406156,240064,166092,40.9,451500,90.0,41,0,0,121.8,0,0,1643136,24.9
2022,7,Jul,Q3,Southeast,Professional Services,275298,165237,110061,40.0,294000,93.6,17,0,0,111.8,0,0,1035684,25.9
2022,7,Jul,Q3,Midwest,Professional Services,200920,121480,79440,39.5,220500,91.1,29,0,0,120.0,0,0,770194,32.6
2022,7,Jul,Q3,West,Professional Services,534640,321681,212959,39.8,619500,86.3,33,0,0,118.6,0,0,2132684,23.6
2022,7,Jul,Q3,International,Professional Services,283097,165151,117946,41.7,336000,84.3,24,0,0,117.8,0,0,1147479,35.7
2022,7,Jul,Q3,Northeast,Support & Maintenance,175642,54420,121222,69.0,199500,88.0,414,0,0,114.7,0,0,561974,23.9
2022,7,Jul,Q3,Southeast,Support & Maintenance,114377,34439,79938,69.9,126000,90.8,515,0,0,112.7,0,0,472922,34.9
2022,7,Jul,Q3,Midwest,Support & Maintenance,93025,28253,64772,69.6,99750,93.3,603,0,0,109.5,0,0,372173,22.6
2022,7,Jul,Q3,West,Support & Maintenance,262113,79326,182787,69.7,288750,90.8,495,0,0,111.8,0,0,1080376,26.9
2022,7,Jul,Q3,International,Support & Maintenance,133893,39857,94036,70.2,152250,87.9,257,0,0,112.8,0,0,426888,28.6
2022,7,Jul,Q3,Northeast,Training & Enablement,77747,39171,38576,49.6,89250,87.1,47,0,0,119.4,0,0,246382,28.2
2022,7,Jul,Q3,Southeast,Training & Enablement,53189,27600,25589,48.1,57750,92.1,20,0,0,109.3,0,0,164143,34.3
2022,7,Jul,Q3,Midwest,Training & Enablement,40218,19972,20246,50.3,44100,91.2,33,0,0,121.0,0,0,157998,27.0
2022,7,Jul,Q3,West,Training & Enablement,113827,55456,58371,51.3,126000,90.3,59,0,0,125.1,0,0,431970,23.1
2022,7,Jul,Q3,International,Training & Enablement,60901,30088,30813,50.6,71400,85.3,32,0,0,124.6,0,0,196015,33.5
2022,8,Aug,Q3,Northeast,Enterprise SaaS,1730490,488431,1242059,71.8,1890000,91.6,135,2,0,122.6,10883,255611,7056428,34.3
2022,8,Aug,Q3,Southeast,Enterprise SaaS,1112922,328762,784160,70.5,1155000,96.4,167,1,0,108.2,21171,260574,3407803,34.7
2022,8,Aug,Q3,Midwest,Enterprise SaaS,954536,303082,651454,68.2,997500,95.7,120,6,0,121.6,19710,120204,3095319,23.3
2022,8,Aug,Q3,West,Enterprise SaaS,2187692,682007,1505685,68.8,2415000,90.6,272,2,0,115.1,22336,135506,8428399,26.3
2022,8,Aug,Q3,International,Enterprise SaaS,1356133,384244,971889,71.7,1470000,92.3,178,3,0,113.2,23016,143944,4916141,35.5
2022,8,Aug,Q3,Northeast,Professional Services,409722,251549,158173,38.6,451500,90.7,21,0,0,128.0,0,0,1630720,34.5
2022,8,Aug,Q3,Southeast,Professional Services,279067,166133,112934,40.5,294000,94.9,34,0,0,118.6,0,0,892595,35.9
2022,8,Aug,Q3,Midwest,Professional Services,209777,127579,82198,39.2,220500,95.1,40,0,0,111.1,0,0,827453,35.3
2022,8,Aug,Q3,West,Professional Services,575105,351763,223342,38.8,619500,92.8,23,0,0,114.6,0,0,2362223,33.7
2022,8,Aug,Q3,International,Professional Services,322305,193116,129189,40.1,336000,95.9,32,0,0,116.9,0,0,985490,28.9
2022,8,Aug,Q3,Northeast,Support & Maintenance,177268,52188,125080,70.6,199500,88.9,740,0,0,118.8,0,0,595611,34.1
2022,8,Aug,Q3,Southeast,Support & Maintenance,123426,38150,85276,69.1,126000,98.0,352,0,0,124.4,0,0,385333,22.9
2022,8,Aug,Q3,Midwest,Support & Maintenance,91587,27925,63662,69.5,99750,91.8,796,0,0,115.2,0,0,323012,37.8
2022,8,Aug,Q3,West,Support & Maintenance,257326,75653,181673,70.6,288750,89.1,783,0,0,110.7,0,0,993417,27.5
2022,8,Aug,Q3,International,Support & Maintenance,147133,44509,102624,69.7,152250,96.6,564,0,0,113.0,0,0,544342,35.6
2022,8,Aug,Q3,Northeast,Training & Enablement,82654,42801,39853,48.2,89250,92.6,20,0,0,108.6,0,0,338121,31.3
2022,8,Aug,Q3,Southeast,Training & Enablement,56619,28924,27695,48.9,57750,98.0,68,0,0,113.9,0,0,192344,28.9
2022,8,Aug,Q3,Midwest,Training & Enablement,38785,19381,19404,50.0,44100,87.9,74,0,0,114.5,0,0,156612,36.1
2022,8,Aug,Q3,West,Training & Enablement,112449,55092,57357,51.0,126000,89.2,30,0,0,109.1,0,0,374192,32.7
2022,8,Aug,Q3,International,Training & Enablement,68062,32982,35080,51.5,71400,95.3,10,0,0,122.7,0,0,281952,33.1
2022,9,Sep,Q3,Northeast,Enterprise SaaS,1977583,584560,1393023,70.4,1890000,104.6,138,6,0,126.6,12264,92200,7918154,31.5
2022,9,Sep,Q3,Southeast,Enterprise SaaS,1291405,369245,922160,71.4,1155000,111.8,107,3,1,107.4,14035,137146,4426609,36.9
2022,9,Sep,Q3,Midwest,Enterprise SaaS,1080329,305928,774401,71.7,997500,108.3,256,4,0,112.0,14810,155551,4522725,25.0
2022,9,Sep,Q3,West,Enterprise SaaS,2723251,790359,1932892,71.0,2415000,112.8,162,4,0,122.2,21547,260417,11275121,31.1
2022,9,Sep,Q3,International,Enterprise SaaS,1494447,474723,1019724,68.2,1470000,101.7,193,3,0,118.4,14097,279873,5036131,35.2
2022,9,Sep,Q3,Northeast,Professional Services,471008,285789,185219,39.3,451500,104.3,39,0,0,112.7,0,0,1797425,28.5
2022,9,Sep,Q3,Southeast,Professional Services,294785,174493,120292,40.8,294000,100.3,18,0,0,114.7,0,0,1164586,36.1
2022,9,Sep,Q3,Midwest,Professional Services,222435,132328,90107,40.5,220500,100.9,31,0,0,118.5,0,0,829844,36.8
2022,9,Sep,Q3,West,Professional Services,659614,399374,260240,39.5,619500,106.5,22,0,0,124.2,0,0,2039041,29.6
2022,9,Sep,Q3,International,Professional Services,358831,211023,147808,41.2,336000,106.8,29,0,0,117.0,0,0,1030639,32.2
2022,9,Sep,Q3,Northeast,Support & Maintenance,224470,66958,157512,70.2,199500,112.5,372,0,0,121.2,0,0,886898,27.9
2022,9,Sep,Q3,Southeast,Support & Maintenance,132932,39691,93241,70.1,126000,105.5,452,0,0,118.9,0,0,423677,30.0
2022,9,Sep,Q3,Midwest,Support & Maintenance,101173,30463,70710,69.9,99750,101.4,653,0,0,113.6,0,0,326547,27.3
2022,9,Sep,Q3,West,Support & Maintenance,301331,87927,213404,70.8,288750,104.4,714,0,0,109.3,0,0,1188255,32.3
2022,9,Sep,Q3,International,Support & Maintenance,154258,46262,107996,70.0,152250,101.3,608,0,0,119.4,0,0,546636,30.4
2022,9,Sep,Q3,Northeast,Training & Enablement,89724,44843,44881,50.0,89250,100.5,53,0,0,108.5,0,0,362053,31.4
2022,9,Sep,Q3,Southeast,Training & Enablement,61658,30341,31317,50.8,57750,106.8,62,0,0,117.8,0,0,246440,27.7
2022,9,Sep,Q3,Midwest,Training & Enablement,49584,25092,24492,49.4,44100,112.4,67,0,0,120.8,0,0,168453,36.9
2022,9,Sep,Q3,West,Training & Enablement,138807,71241,67566,48.7,126000,110.2,55,0,0,121.0,0,0,452583,29.4
2022,9,Sep,Q3,International,Training & Enablement,72666,36262,36404,50.1,71400,101.8,29,0,0,115.0,0,0,273153,25.1
2022,10,Oct,Q4,Northeast,Enterprise SaaS,1884501,576110,1308391,69.4,1890000,99.7,110,8,0,112.3,23799,236814,6762498,31.8
2022,10,Oct,Q4,Southeast,Enterprise SaaS,1235434,365394,870040,70.4,1155000,107.0,176,4,0,121.5,11209,119608,4712859,28.4
2022,10,Oct,Q4,Midwest,Enterprise SaaS,976733,294145,682588,69.9,997500,97.9,279,1,0,113.6,23774,163284,3375005,29.9
2022,10,Oct,Q4,West,Enterprise SaaS,2458970,714192,1744778,71.0,2415000,101.8,182,1,1,106.1,8528,116799,10061570,31.1
2022,10,Oct,Q4,International,Enterprise SaaS,1548344,440931,1107413,71.5,1470000,105.3,238,2,1,102.1,13983,118116,4606937,24.6
2022,10,Oct,Q4,Northeast,Professional Services,472421,280329,192092,40.7,451500,104.6,23,0,0,123.4,0,0,1874973,22.4
2022,10,Oct,Q4,Southeast,Professional Services,288619,170212,118407,41.0,294000,98.2,30,0,0,119.8,0,0,939472,30.2
2022,10,Oct,Q4,Midwest,Professional Services,224957,131465,93492,41.6,220500,102.0,26,0,0,125.2,0,0,767830,36.5
2022,10,Oct,Q4,West,Professional Services,612317,370271,242046,39.5,619500,98.8,21,0,0,108.3,0,0,2267214,36.9
2022,10,Oct,Q4,International,Professional Services,329170,194351,134819,41.0,336000,98.0,40,0,0,121.9,0,0,1296323,26.0
2022,10,Oct,Q4,Northeast,Support & Maintenance,208893,61777,147116,70.4,199500,104.7,502,0,0,124.0,0,0,805126,35.7
2022,10,Oct,Q4,Southeast,Support & Maintenance,124513,36591,87922,70.6,126000,98.8,664,0,0,117.1,0,0,404583,25.1
2022,10,Oct,Q4,Midwest,Support & Maintenance,103193,30118,73075,70.8,99750,103.5,508,0,0,109.7,0,0,408058,34.2
2022,10,Oct,Q4,West,Support & Maintenance,293112,86835,206277,70.4,288750,101.5,344,0,0,125.2,0,0,1093976,26.6
2022,10,Oct,Q4,International,Support & Maintenance,149387,44085,105302,70.5,152250,98.1,673,0,0,108.6,0,0,419441,33.7
2022,10,Oct,Q4,Northeast,Training & Enablement,89440,44804,44636,49.9,89250,100.2,28,0,0,109.8,0,0,297609,30.5
2022,10,Oct,Q4,Southeast,Training & Enablement,60191,30766,29425,48.9,57750,104.2,79,0,0,118.9,0,0,186390,28.1
2022,10,Oct,Q4,Midwest,Training & Enablement,46969,23627,23342,49.7,44100,106.5,11,0,0,123.6,0,0,148197,37.5
2022,10,Oct,Q4,West,Training & Enablement,131124,64894,66230,50.5,126000,104.1,50,0,0,110.7,0,0,446622,25.6
2022,10,Oct,Q4,International,Training & Enablement,77789,38638,39151,50.3,71400,108.9,16,0,0,109.6,0,0,286607,28.2
2022,11,Nov,Q4,Northeast,Enterprise SaaS,2148589,651593,1496996,69.7,1890000,113.7,155,1,0,120.2,11799,267355,8806197,28.3
2022,11,Nov,Q4,Southeast,Enterprise SaaS,1282643,400263,882380,68.8,1155000,111.1,181,3,0,113.8,8021,145430,3988006,32.6
2022,11,Nov,Q4,Midwest,Enterprise SaaS,1114154,346501,767653,68.9,997500,111.7,131,1,0,119.0,12905,276090,4544782,34.7
2022,11,Nov,Q4,West,Enterprise SaaS,2558054,768993,1789061,69.9,2415000,105.9,166,3,0,116.1,19898,205566,9529218,24.6
2022,11,Nov,Q4,International,Enterprise SaaS,1505855,445880,1059975,70.4,1470000,102.4,125,1,0,111.9,18841,152051,4666751,31.7
2022,11,Nov,Q4,Northeast,Professional Services,506004,296943,209061,41.3,451500,112.1,36,0,0,124.6,0,0,2047419,29.2
2022,11,Nov,Q4,Southeast,Professional Services,329485,199456,130029,39.5,294000,112.1,17,0,0,119.8,0,0,1351314,29.4
2022,11,Nov,Q4,Midwest,Professional Services,244771,146872,97899,40.0,220500,111.0,30,0,0,126.3,0,0,983200,35.4
2022,11,Nov,Q4,West,Professional Services,650837,396332,254505,39.1,619500,105.1,37,0,0,110.4,0,0,2274448,28.3
2022,11,Nov,Q4,International,Professional Services,348607,208069,140538,40.3,336000,103.8,22,0,0,119.6,0,0,1350958,36.4
2022,11,Nov,Q4,Northeast,Support & Maintenance,207305,63591,143714,69.3,199500,103.9,720,0,0,113.0,0,0,666340,24.1
2022,11,Nov,Q4,Southeast,Support & Maintenance,140440,42420,98020,69.8,126000,111.5,568,0,0,115.8,0,0,491881,25.9
2022,11,Nov,Q4,Midwest,Support & Maintenance,104185,31260,72925,70.0,99750,104.4,545,0,0,123.5,0,0,358901,23.7
2022,11,Nov,Q4,West,Support & Maintenance,306439,89637,216802,70.7,288750,106.1,631,0,0,115.6,0,0,1116006,25.3
2022,11,Nov,Q4,International,Support & Maintenance,170567,51368,119199,69.9,152250,112.0,689,0,0,127.3,0,0,490004,23.6
2022,11,Nov,Q4,Northeast,Training & Enablement,102281,50664,51617,50.5,89250,114.6,80,0,0,114.8,0,0,333569,35.4
2022,11,Nov,Q4,Southeast,Training & Enablement,63337,30635,32702,51.6,57750,109.7,62,0,0,113.5,0,0,252237,33.9
2022,11,Nov,Q4,Midwest,Training & Enablement,47220,24428,22792,48.3,44100,107.1,32,0,0,119.6,0,0,179425,25.6
2022,11,Nov,Q4,West,Training & Enablement,133094,65593,67501,50.7,126000,105.6,48,0,0,127.3,0,0,435403,33.5
2022,11,Nov,Q4,International,Training & Enablement,77953,38471,39482,50.6,71400,109.2,69,0,0,121.3,0,0,225569,27.7
2022,12,Dec,Q4,Northeast,Enterprise SaaS,2195451,673772,1521679,69.3,1890000,116.2,148,2,1,106.5,22576,121443,6443656,22.6
2022,12,Dec,Q4,Southeast,Enterprise SaaS,1482731,467652,1015079,68.5,1155000,128.4,231,5,0,116.6,10678,263603,5183760,35.7
2022,12,Dec,Q4,Midwest,Enterprise SaaS,1243342,380595,862747,69.4,997500,124.6,278,3,0,113.0,21572,233887,3806789,37.6
2022,12,Dec,Q4,West,Enterprise SaaS,2979514,837771,2141743,71.9,2415000,123.4,222,7,0,126.8,19382,309028,12419576,29.7
2022,12,Dec,Q4,International,Enterprise SaaS,1693018,494609,1198409,70.8,1470000,115.2,110,3,2,95.5,24074,255834,6982780,29.1
2022,12,Dec,Q4,Northeast,Professional Services,558997,333944,225053,40.3,451500,123.8,45,0,0,108.7,0,0,2112511,30.3
2022,12,Dec,Q4,Southeast,Professional Services,354966,217459,137507,38.7,294000,120.7,43,0,0,120.3,0,0,1354886,22.4
2022,12,Dec,Q4,Midwest,Professional Services,259764,158944,100820,38.8,220500,117.8,22,0,0,108.2,0,0,861449,30.9
2022,12,Dec,Q4,West,Professional Services,770673,469238,301435,39.1,619500,124.4,21,0,0,110.7,0,0,2663658,37.7
2022,12,Dec,Q4,International,Professional Services,430330,253610,176720,41.1,336000,128.1,22,0,0,111.6,0,0,1633156,27.8
2022,12,Dec,Q4,Northeast,Support & Maintenance,235940,71712,164228,69.6,199500,118.3,381,0,0,113.0,0,0,694277,32.9
2022,12,Dec,Q4,Southeast,Support & Maintenance,161412,49143,112269,69.6,126000,128.1,249,0,0,108.3,0,0,531839,29.5
2022,12,Dec,Q4,Midwest,Support & Maintenance,121836,37011,84825,69.6,99750,122.1,542,0,0,125.0,0,0,420923,33.0
2022,12,Dec,Q4,West,Support & Maintenance,364928,109737,255191,69.9,288750,126.4,608,0,0,111.9,0,0,1053086,30.2
2022,12,Dec,Q4,International,Support & Maintenance,176467,53629,122838,69.6,152250,115.9,387,0,0,113.3,0,0,530543,29.1
2022,12,Dec,Q4,Northeast,Training & Enablement,108534,53329,55205,50.9,89250,121.6,78,0,0,126.7,0,0,452864,36.8
2022,12,Dec,Q4,Southeast,Training & Enablement,68473,33081,35392,51.7,57750,118.6,11,0,0,114.9,0,0,257301,32.3
2022,12,Dec,Q4,Midwest,Training & Enablement,53946,27656,26290,48.7,44100,122.3,38,0,0,123.0,0,0,178258,33.4
2022,12,Dec,Q4,West,Training & Enablement,160941,80659,80282,49.9,126000,127.7,20,0,0,117.9,0,0,510006,24.3
2022,12,Dec,Q4,International,Training & Enablement,88074,45283,42791,48.6,71400,123.4,15,0,0,125.4,0,0,318799,36.5
2023,1,Jan,Q1,Northeast,Enterprise SaaS,1960008,560222,1399786,71.4,2230200,87.9,196,7,0,116.9,19770,85419,5776872,34.7
2023,1,Jan,Q1,Southeast,Enterprise SaaS,1145393,335786,809607,70.7,1362900,84.0,278,3,0,118.3,21537,277230,4101593,32.4
2023,1,Jan,Q1,Midwest,Enterprise SaaS,1042638,332496,710142,68.1,1177050,88.6,278,4,0,123.5,11440,246026,3345882,32.2
2023,1,Jan,Q1,West,Enterprise SaaS,2492907,764008,1728899,69.4,2849700,87.5,258,3,0,119.2,14752,281718,7136434,34.9
2023,1,Jan,Q1,International,Enterprise SaaS,1470711,416788,1053923,71.7,1734600,84.8,135,2,0,117.9,15516,234881,5527652,27.9
2023,1,Jan,Q1,Northeast,Professional Services,433499,258761,174738,40.3,532770,81.4,40,0,0,115.5,0,0,1630908,27.1
2023,1,Jan,Q1,Southeast,Professional Services,298648,180669,117979,39.5,346920,86.1,27,0,0,112.0,0,0,1214385,26.4
2023,1,Jan,Q1,Midwest,Professional Services,211405,125873,85532,40.5,260190,81.3,29,0,0,128.0,0,0,641592,36.6
2023,1,Jan,Q1,West,Professional Services,576957,354243,222714,38.6,731010,78.9,42,0,0,119.0,0,0,1674990,24.3
2023,1,Jan,Q1,International,Professional Services,320349,197884,122465,38.2,396480,80.8,40,0,0,123.5,0,0,1005265,34.2
2023,1,Jan,Q1,Northeast,Support & Maintenance,205720,60382,145338,70.6,235410,87.4,632,0,0,109.0,0,0,787403,31.1
2023,1,Jan,Q1,Southeast,Support & Maintenance,118470,36113,82357,69.5,148680,79.7,453,0,0,115.2,0,0,485726,26.5
2023,1,Jan,Q1,Midwest,Support & Maintenance,104068,31715,72353,69.5,117705,88.4,787,0,0,121.6,0,0,404520,29.7
2023,1,Jan,Q1,West,Support & Maintenance,286495,86064,200431,70.0,340725,84.1,720,0,0,126.0,0,0,1039738,33.9
2023,1,Jan,Q1,International,Support & Maintenance,141870,42584,99286,70.0,179655,79.0,419,0,0,110.2,0,0,517627,36.2
2023,1,Jan,Q1,Northeast,Training & Enablement,91120,44706,46414,50.9,105315,86.5,11,0,0,125.6,0,0,341898,29.0
2023,1,Jan,Q1,Southeast,Training & Enablement,56045,28653,27392,48.9,68145,82.2,41,0,0,122.6,0,0,206991,26.6
2023,1,Jan,Q1,Midwest,Training & Enablement,41141,21248,19893,48.4,52038,79.1,16,0,0,120.8,0,0,166146,36.0
2023,1,Jan,Q1,West,Training & Enablement,125236,61937,63299,50.5,148680,84.2,53,0,0,109.3,0,0,467130,29.7
2023,1,Jan,Q1,International,Training & Enablement,68487,34088,34399,50.2,84252,81.3,77,0,0,123.9,0,0,270981,31.3
2023,2,Feb,Q1,Northeast,Enterprise SaaS,2032915,635147,1397768,68.8,2230200,91.2,248,2,2,96.7,22215,253221,7022037,28.8
2023,2,Feb,Q1,Southeast,Enterprise SaaS,1141785,350514,791271,69.3,1362900,83.8,199,4,0,126.4,13719,292223,4117882,28.2
2023,2,Feb,Q1,Midwest,Enterprise SaaS,1067005,320566,746439,70.0,1177050,90.7,211,8,0,114.2,11997,230087,3162815,37.6
2023,2,Feb,Q1,West,Enterprise SaaS,2553720,813481,1740239,68.1,2849700,89.6,177,4,0,119.5,14019,122408,8623940,26.3
2023,2,Feb,Q1,International,Enterprise SaaS,1457547,448009,1009538,69.3,1734600,84.0,181,5,0,124.1,21476,319876,4156714,27.4
2023,2,Feb,Q1,Northeast,Professional Services,447855,264431,183424,41.0,532770,84.1,22,0,0,123.5,0,0,1862368,32.2
2023,2,Feb,Q1,Southeast,Professional Services,317186,190602,126584,39.9,346920,91.4,33,0,0,125.4,0,0,1179465,29.3
2023,2,Feb,Q1,Midwest,Professional Services,223613,137013,86600,38.7,260190,85.9,44,0,0,109.5,0,0,661671,25.2
2023,2,Feb,Q1,West,Professional Services,657718,406930,250788,38.1,731010,90.0,20,0,0,113.3,0,0,2343637,27.8
2023,2,Feb,Q1,International,Professional Services,344822,205890,138932,40.3,396480,87.0,35,0,0,118.2,0,0,1039152,23.0
2023,2,Feb,Q1,Northeast,Support & Maintenance,199935,60898,139037,69.5,235410,84.9,508,0,0,124.0,0,0,815716,22.0
2023,2,Feb,Q1,Southeast,Support & Maintenance,135396,41362,94034,69.5,148680,91.1,636,0,0,117.6,0,0,482549,29.0
2023,2,Feb,Q1,Midwest,Support & Maintenance,101134,30674,70460,69.7,117705,85.9,500,0,0,117.4,0,0,360748,33.4
2023,2,Feb,Q1,West,Support & Maintenance,295865,88023,207842,70.2,340725,86.8,757,0,0,108.3,0,0,929152,30.6
2023,2,Feb,Q1,International,Support & Maintenance,152607,44267,108340,71.0,179655,84.9,269,0,0,126.4,0,0,459645,22.6
2023,2,Feb,Q1,Northeast,Training & Enablement,95127,47340,47787,50.2,105315,90.3,24,0,0,126.5,0,0,311908,23.8
2023,2,Feb,Q1,Southeast,Training & Enablement,59306,30581,28725,48.4,68145,87.0,71,0,0,119.1,0,0,186872,37.0
2023,2,Feb,Q1,Midwest,Training & Enablement,45771,23189,22582,49.3,52038,88.0,69,0,0,125.4,0,0,164701,30.1
2023,2,Feb,Q1,West,Training & Enablement,123019,61726,61293,49.8,148680,82.7,16,0,0,120.0,0,0,391448,26.8
2023,2,Feb,Q1,International,Training & Enablement,77281,38042,39239,50.8,84252,91.7,43,0,0,116.7,0,0,241384,37.7
2023,3,Mar,Q1,Northeast,Enterprise SaaS,2257091,649983,1607108,71.2,2230200,101.2,188,1,0,109.4,17359,86337,8676293,30.8
2023,3,Mar,Q1,Southeast,Enterprise SaaS,1431754,457560,974194,68.0,1362900,105.1,96,6,0,109.9,15516,282064,5059369,35.8
2023,3,Mar,Q1,Midwest,Enterprise SaaS,1139151,359205,779946,68.5,1177050,96.8,229,8,0,127.0,14191,268828,4303551,34.7
2023,3,Mar,Q1,West,Enterprise SaaS,2764191,783863,1980328,71.6,2849700,97.0,150,3,0,125.3,20662,244698,9478955,38.0
2023,3,Mar,Q1,International,Enterprise SaaS,1775901,527128,1248773,70.3,1734600,102.4,214,4,0,118.2,14362,156274,6882557,22.7
2023,3,Mar,Q1,Northeast,Professional Services,544121,334681,209440,38.5,532770,102.1,21,0,0,123.5,0,0,1892237,35.8
2023,3,Mar,Q1,Southeast,Professional Services,335872,197641,138231,41.2,346920,96.8,22,0,0,119.2,0,0,949606,28.4
2023,3,Mar,Q1,Midwest,Professional Services,260703,156128,104575,40.1,260190,100.2,20,0,0,109.1,0,0,788872,36.4
2023,3,Mar,Q1,West,Professional Services,761482,448842,312640,41.1,731010,104.2,36,0,0,114.0,0,0,2974369,33.0
2023,3,Mar,Q1,International,Professional Services,383484,234909,148575,38.7,396480,96.7,18,0,0,110.7,0,0,1165127,30.7
2023,3,Mar,Q1,Northeast,Support & Maintenance,240812,72764,168048,69.8,235410,102.3,602,0,0,115.3,0,0,956920,34.3
2023,3,Mar,Q1,Southeast,Support & Maintenance,150127,45619,104508,69.6,148680,101.0,294,0,0,113.4,0,0,603191,29.1
2023,3,Mar,Q1,Midwest,Support & Maintenance,117296,35500,81796,69.7,117705,99.7,754,0,0,113.8,0,0,397211,27.7
2023,3,Mar,Q1,West,Support & Maintenance,357764,105742,252022,70.4,340725,105.0,748,0,0,118.5,0,0,1422935,25.9
2023,3,Mar,Q1,International,Support & Maintenance,181596,52997,128599,70.8,179655,101.1,504,0,0,110.7,0,0,669112,33.5
2023,3,Mar,Q1,Northeast,Training & Enablement,111336,57035,54301,48.8,105315,105.7,15,0,0,120.3,0,0,354545,25.1
2023,3,Mar,Q1,Southeast,Training & Enablement,70799,35465,35334,49.9,68145,103.9,41,0,0,112.8,0,0,284880,28.2
2023,3,Mar,Q1,Midwest,Training & Enablement,53138,25873,27265,51.3,52038,102.1,46,0,0,114.5,0,0,164185,36.8
2023,3,Mar,Q1,West,Training & Enablement,156589,78283,78306,50.0,148680,105.3,71,0,0,115.8,0,0,467906,34.5
2023,3,Mar,Q1,International,Training & Enablement,81466,41514,39952,49.0,84252,96.7,59,0,0,120.1,0,0,240677,25.3
2023,4,Apr,Q2,Northeast,Enterprise SaaS,2031956,627090,1404866,69.1,2230200,91.1,237,4,0,126.6,24739,112856,6790869,24.3
2023,4,Apr,Q2,Southeast,Enterprise SaaS,1290063,374482,915581,71.0,1362900,94.7,259,7,1,97.8,24233,289046,3668544,26.9
2023,4,Apr,Q2,Midwest,Enterprise SaaS,1029749,289271,740478,71.9,1177050,87.5,93,3,0,125.9,23819,166840,4302136,34.7
2023,4,Apr,Q2,West,Enterprise SaaS,2597232,773738,1823494,70.2,2849700,91.1,208,5,3,104.4,19105,291116,9325410,37.9
2023,4,Apr,Q2,International,Enterprise SaaS,1519565,440678,1078887,71.0,1734600,87.6,133,3,0,120.6,22905,119747,5200890,37.7
2023,4,Apr,Q2,Northeast,Professional Services,491323,300793,190530,38.8,532770,92.2,37,0,0,115.1,0,0,1691273,37.0
2023,4,Apr,Q2,Southeast,Professional Services,307506,187886,119620,38.9,346920,88.6,16,0,0,116.8,0,0,900195,34.6
2023,4,Apr,Q2,Midwest,Professional Services,231957,134551,97406,42.0,260190,89.1,33,0,0,110.7,0,0,704123,27.4
2023,4,Apr,Q2,West,Professional Services,655266,393643,261623,39.9,731010,89.6,45,0,0,125.2,0,0,2735541,34.3
2023,4,Apr,Q2,International,Professional Services,344959,212807,132152,38.3,396480,87.0,42,0,0,118.2,0,0,1312625,25.4
2023,4,Apr,Q2,Northeast,Support & Maintenance,217970,63286,154684,71.0,235410,92.6,361,0,0,116.9,0,0,836612,36.9
2023,4,Apr,Q2,Southeast,Support & Maintenance,130769,40035,90734,69.4,148680,88.0,431,0,0,113.8,0,0,456391,28.9
2023,4,Apr,Q2,Midwest,Support & Maintenance,109802,33831,75971,69.2,117705,93.3,527,0,0,118.6,0,0,339468,22.0
2023,4,Apr,Q2,West,Support & Maintenance,313956,94102,219854,70.0,340725,92.1,209,0,0,112.9,0,0,1300767,25.0
2023,4,Apr,Q2,International,Support & Maintenance,158254,48001,110253,69.7,179655,88.1,718,0,0,126.8,0,0,631992,24.7
2023,4,Apr,Q2,Northeast,Training & Enablement,99499,47767,51732,52.0,105315,94.5,59,0,0,113.1,0,0,412438,34.5
2023,4,Apr,Q2,Southeast,Training & Enablement,65804,34118,31686,48.2,68145,96.6,30,0,0,127.3,0,0,233255,36.9
2023,4,Apr,Q2,Midwest,Training & Enablement,49475,25120,24355,49.2,52038,95.1,59,0,0,110.9,0,0,169751,33.9
2023,4,Apr,Q2,West,Training & Enablement,136503,68999,67504,49.5,148680,91.8,35,0,0,113.3,0,0,421732,24.2
2023,4,Apr,Q2,International,Training & Enablement,75819,38023,37796,49.8,84252,90.0,69,0,0,112.7,0,0,295608,24.5
2023,5,May,Q2,Northeast,Enterprise SaaS,2307864,682719,1625145,70.4,2230200,103.5,181,1,0,125.6,17883,269066,8039438,34.5
2023,5,May,Q2,Southeast,Enterprise SaaS,1261146,386216,874930,69.4,1362900,92.5,180,6,3,102.6,14660,205948,4532117,30.6
2023,5,May,Q2,Midwest,Enterprise SaaS,1132085,339154,792931,70.0,1177050,96.2,83,3,2,104.9,18594,306469,4361060,34.1
2023,5,May,Q2,West,Enterprise SaaS,2722202,796443,1925759,70.7,2849700,95.5,189,4,0,112.9,22323,119423,10715592,32.5
2023,5,May,Q2,International,Enterprise SaaS,1709997,494494,1215503,71.1,1734600,98.6,272,7,0,110.5,19644,187821,7148039,28.6
2023,5,May,Q2,Northeast,Professional Services,531438,325503,205935,38.8,532770,99.7,19,0,0,111.5,0,0,1746889,37.1
2023,5,May,Q2,Southeast,Professional Services,324090,196865,127225,39.3,346920,93.4,29,0,0,115.0,0,0,1335102,36.4
2023,5,May,Q2,Midwest,Professional Services,240829,145410,95419,39.6,260190,92.6,31,0,0,109.3,0,0,901876,24.6
2023,5,May,Q2,West,Professional Services,720172,432767,287405,39.9,731010,98.5,36,0,0,119.2,0,0,2532642,32.8
2023,5,May,Q2,International,Professional Services,383371,236266,147105,38.4,396480,96.7,33,0,0,119.4,0,0,1229111,22.2
2023,5,May,Q2,Northeast,Support & Maintenance,229701,66897,162804,70.9,235410,97.6,445,0,0,119.7,0,0,768085,32.8
2023,5,May,Q2,Southeast,Support & Maintenance,142066,41527,100539,70.8,148680,95.6,785,0,0,108.7,0,0,500834,22.1
2023,5,May,Q2,Midwest,Support & Maintenance,117877,34348,83529,70.9,117705,100.1,252,0,0,122.4,0,0,378040,26.1
2023,5,May,Q2,West,Support & Maintenance,353318,106439,246879,69.9,340725,103.7,421,0,0,123.7,0,0,1347576,37.8
2023,5,May,Q2,International,Support & Maintenance,170000,52390,117610,69.2,179655,94.6,387,0,0,113.0,0,0,655922,36.8
2023,5,May,Q2,Northeast,Training & Enablement,107847,51990,55857,51.8,105315,102.4,49,0,0,120.5,0,0,396229,23.4
2023,5,May,Q2,Southeast,Training & Enablement,69950,34221,35729,51.1,68145,102.6,77,0,0,110.3,0,0,293411,33.8
2023,5,May,Q2,Midwest,Training & Enablement,50437,25567,24870,49.3,52038,96.9,43,0,0,115.2,0,0,146708,33.8
2023,5,May,Q2,West,Training & Enablement,153992,78487,75505,49.0,148680,103.6,78,0,0,117.4,0,0,465797,25.5
2023,5,May,Q2,International,Training & Enablement,81201,39381,41820,51.5,84252,96.4,79,0,0,113.2,0,0,335767,25.3
2023,6,Jun,Q2,Northeast,Enterprise SaaS,2367834,743624,1624210,68.6,2230200,106.2,168,8,2,97.0,12407,194210,6631575,22.2
2023,6,Jun,Q2,Southeast,Enterprise SaaS,1403058,412566,990492,70.6,1362900,102.9,148,6,0,124.3,23525,156432,5447417,31.1
2023,6,Jun,Q2,Midwest,Enterprise SaaS,1283852,370045,913807,71.2,1177050,109.1,208,7,1,97.9,21372,295017,4370468,33.1
2023,6,Jun,Q2,West,Enterprise SaaS,3127455,983808,2143647,68.5,2849700,109.7,246,2,0,117.6,18675,309511,8869559,34.9
2023,6,Jun,Q2,International,Enterprise SaaS,1900489,573544,1326945,69.8,1734600,109.6,274,4,0,114.6,19074,112395,7852573,23.4
2023,6,Jun,Q2,Northeast,Professional Services,524661,324430,200231,38.2,532770,98.5,22,0,0,118.0,0,0,1529097,31.1
2023,6,Jun,Q2,Southeast,Professional Services,352487,211184,141303,40.1,346920,101.6,19,0,0,117.3,0,0,1134259,26.6
2023,6,Jun,Q2,Midwest,Professional Services,265307,155746,109561,41.3,260190,102.0,34,0,0,125.3,0,0,863552,33.1
2023,6,Jun,Q2,West,Professional Services,800340,485551,314789,39.3,731010,109.5,22,0,0,116.0,0,0,2967736,29.6
2023,6,Jun,Q2,International,Professional Services,411213,245632,165581,40.3,396480,103.7,20,0,0,109.2,0,0,1204897,34.0
2023,6,Jun,Q2,Northeast,Support & Maintenance,238045,71634,166411,69.9,235410,101.1,599,0,0,113.5,0,0,879128,35.9
2023,6,Jun,Q2,Southeast,Support & Maintenance,161248,48913,112335,69.7,148680,108.5,448,0,0,114.8,0,0,657529,24.9
2023,6,Jun,Q2,Midwest,Support & Maintenance,124955,36620,88335,70.7,117705,106.2,353,0,0,114.2,0,0,450173,32.5
2023,6,Jun,Q2,West,Support & Maintenance,350370,108596,241774,69.0,340725,102.8,240,0,0,111.9,0,0,1289845,31.5
2023,6,Jun,Q2,International,Support & Maintenance,194893,59147,135746,69.7,179655,108.5,572,0,0,120.6,0,0,679461,34.1
2023,6,Jun,Q2,Northeast,Training & Enablement,108772,52556,56216,51.7,105315,103.3,45,0,0,118.3,0,0,351108,32.7
2023,6,Jun,Q2,Southeast,Training & Enablement,73190,37169,36021,49.2,68145,107.4,42,0,0,108.5,0,0,251787,29.9
2023,6,Jun,Q2,Midwest,Training & Enablement,51688,25959,25729,49.8,52038,99.3,74,0,0,113.1,0,0,151099,37.7
2023,6,Jun,Q2,West,Training & Enablement,160771,78830,81941,51.0,148680,108.1,64,0,0,125.6,0,0,555505,23.4
2023,6,Jun,Q2,International,Training & Enablement,91566,46573,44993,49.1,84252,108.7,69,0,0,118.5,0,0,270321,36.2
2023,7,Jul,Q3,Northeast,Enterprise SaaS,1922746,547654,1375092,71.5,2230200,86.2,93,3,0,121.1,9839,125807,7841797,33.4
2023,7,Jul,Q3,Southeast,Enterprise SaaS,1292352,383644,908708,70.3,1362900,94.8,222,8,0,126.9,12318,279457,4883360,22.6
2023,7,Jul,Q3,Midwest,Enterprise SaaS,1003897,317868,686029,68.3,1177050,85.3,102,2,0,120.9,10089,140979,4091270,24.7
2023,7,Jul,Q3,West,Enterprise SaaS,2491647,749450,1742197,69.9,2849700,87.4,112,5,3,101.2,10726,108690,10363634,29.4
2023,7,Jul,Q3,International,Enterprise SaaS,1626481,464657,1161824,71.4,1734600,93.8,166,1,0,118.1,9690,317959,5167867,30.4
2023,7,Jul,Q3,Northeast,Professional Services,503302,302979,200323,39.8,532770,94.5,39,0,0,110.8,0,0,1867613,27.5
2023,7,Jul,Q3,Southeast,Professional Services,326348,199037,127311,39.0,346920,94.1,28,0,0,118.0,0,0,983729,35.5
2023,7,Jul,Q3,Midwest,Professional Services,221123,130681,90442,40.9,260190,85.0,15,0,0,113.6,0,0,745712,24.2
2023,7,Jul,Q3,West,Professional Services,685989,420113,265876,38.8,731010,93.8,37,0,0,112.6,0,0,2847286,24.1
2023,7,Jul,Q3,International,Professional Services,359853,211434,148419,41.2,396480,90.8,26,0,0,122.8,0,0,1238238,31.8
2023,7,Jul,Q3,Northeast,Support & Maintenance,201784,60337,141447,70.1,235410,85.7,758,0,0,119.2,0,0,671850,28.9
2023,7,Jul,Q3,Southeast,Support & Maintenance,135577,39782,95795,70.7,148680,91.2,491,0,0,125.1,0,0,474020,35.9
2023,7,Jul,Q3,Midwest,Support & Maintenance,104358,30444,73914,70.8,117705,88.7,771,0,0,109.0,0,0,311251,26.8
2023,7,Jul,Q3,West,Support & Maintenance,318207,96952,221255,69.5,340725,93.4,722,0,0,120.7,0,0,1224079,27.4
2023,7,Jul,Q3,International,Support & Maintenance,153954,46520,107434,69.8,179655,85.7,733,0,0,126.3,0,0,631059,28.8
2023,7,Jul,Q3,Northeast,Training & Enablement,99833,49076,50757,50.8,105315,94.8,79,0,0,115.6,0,0,397464,25.6
2023,7,Jul,Q3,Southeast,Training & Enablement,58202,30143,28059,48.2,68145,85.4,24,0,0,110.0,0,0,163049,34.6
2023,7,Jul,Q3,Midwest,Training & Enablement,46007,23160,22847,49.7,52038,88.4,41,0,0,123.5,0,0,163238,34.0
2023,7,Jul,Q3,West,Training & Enablement,128057,66500,61557,48.1,148680,86.1,64,0,0,120.0,0,0,395623,36.4
2023,7,Jul,Q3,International,Training & Enablement,79893,40658,39235,49.1,84252,94.8,43,0,0,109.5,0,0,282682,25.8
2023,8,Aug,Q3,Northeast,Enterprise SaaS,2120226,668563,1451663,68.5,2230200,95.1,243,2,0,115.4,23185,249829,6935084,28.8
2023,8,Aug,Q3,Southeast,Enterprise SaaS,1217194,364705,852489,70.0,1362900,89.3,96,5,1,96.4,18091,218966,3535507,36.0
2023,8,Aug,Q3,Midwest,Enterprise SaaS,1133247,346638,786609,69.4,1177050,96.3,151,3,0,116.8,16361,297192,4260858,37.6
2023,8,Aug,Q3,West,Enterprise SaaS,2557730,804078,1753652,68.6,2849700,89.8,264,8,0,111.9,8896,194630,10527677,37.4
2023,8,Aug,Q3,International,Enterprise SaaS,1653336,482907,1170429,70.8,1734600,95.3,261,4,0,113.2,11114,212136,6220387,22.8
2023,8,Aug,Q3,Northeast,Professional Services,516528,313735,202793,39.3,532770,97.0,28,0,0,109.6,0,0,1510443,26.8
2023,8,Aug,Q3,Southeast,Professional Services,312275,192853,119422,38.2,346920,90.0,23,0,0,110.2,0,0,1271875,33.7
2023,8,Aug,Q3,Midwest,Professional Services,235103,142700,92403,39.3,260190,90.4,22,0,0,112.3,0,0,813396,35.7
2023,8,Aug,Q3,West,Professional Services,675282,410199,265083,39.3,731010,92.4,32,0,0,124.6,0,0,1908842,32.0
2023,8,Aug,Q3,International,Professional Services,388121,233648,154473,39.8,396480,97.9,26,0,0,125.1,0,0,1276790,26.9
2023,8,Aug,Q3,Northeast,Support & Maintenance,224399,65281,159118,70.9,235410,95.3,539,0,0,109.8,0,0,937998,23.8
2023,8,Aug,Q3,Southeast,Support & Maintenance,146770,45357,101413,69.1,148680,98.7,487,0,0,111.8,0,0,473614,34.8
2023,8,Aug,Q3,Midwest,Support & Maintenance,113593,34291,79302,69.8,117705,96.5,560,0,0,117.9,0,0,334314,25.3
2023,8,Aug,Q3,West,Support & Maintenance,320765,99274,221491,69.1,340725,94.1,540,0,0,117.4,0,0,1112012,33.8
2023,8,Aug,Q3,International,Support & Maintenance,170170,51239,118931,69.9,179655,94.7,351,0,0,121.6,0,0,679046,31.2
2023,8,Aug,Q3,Northeast,Training & Enablement,93860,48649,45211,48.2,105315,89.1,39,0,0,121.2,0,0,312027,35.5
2023,8,Aug,Q3,Southeast,Training & Enablement,66545,32305,34240,51.5,68145,97.7,62,0,0,125.4,0,0,226310,36.6
2023,8,Aug,Q3,Midwest,Training & Enablement,47199,23066,24133,51.1,52038,90.7,29,0,0,108.7,0,0,141519,36.1
2023,8,Aug,Q3,West,Training & Enablement,141243,71405,69838,49.4,148680,95.0,20,0,0,120.4,0,0,539198,37.9
2023,8,Aug,Q3,International,Training & Enablement,81659,41379,40280,49.3,84252,96.9,68,0,0,121.8,0,0,249656,31.8
2023,9,Sep,Q3,Northeast,Enterprise SaaS,2283255,703014,1580241,69.2,2230200,102.4,95,8,0,108.9,20231,139423,6462038,29.9
2023,9,Sep,Q3,Southeast,Enterprise SaaS,1505473,446714,1058759,70.3,1362900,110.5,249,4,0,125.3,11826,185613,5690207,34.8
2023,9,Sep,Q3,Midwest,Enterprise SaaS,1232735,346269,886466,71.9,1177050,104.7,260,5,0,122.3,13210,226137,4436316,34.3
2023,9,Sep,Q3,West,Enterprise SaaS,3161383,926051,2235332,70.7,2849700,110.9,104,6,0,117.0,10133,138771,12684391,22.3
2023,9,Sep,Q3,International,Enterprise SaaS,1790118,530205,1259913,70.4,1734600,103.2,206,3,0,109.3,23617,153514,6266327,35.8
2023,9,Sep,Q3,Northeast,Professional Services,595589,360011,235578,39.6,532770,111.8,18,0,0,108.5,0,0,2393484,36.7
2023,9,Sep,Q3,Southeast,Professional Services,362578,217683,144895,40.0,346920,104.5,31,0,0,125.9,0,0,1042579,22.8
2023,9,Sep,Q3,Midwest,Professional Services,287700,177932,109768,38.2,260190,110.6,18,0,0,127.3,0,0,952583,23.0
2023,9,Sep,Q3,West,Professional Services,778367,481535,296832,38.1,731010,106.5,15,0,0,119.2,0,0,3176587,33.1
2023,9,Sep,Q3,International,Professional Services,410519,246850,163669,39.9,396480,103.5,15,0,0,114.3,0,0,1326954,37.4
2023,9,Sep,Q3,Northeast,Support & Maintenance,256104,75722,180382,70.4,235410,108.8,524,0,0,110.2,0,0,1059205,25.5
2023,9,Sep,Q3,Southeast,Support & Maintenance,155775,45601,110174,70.7,148680,104.8,698,0,0,124.9,0,0,462244,27.4
2023,9,Sep,Q3,Midwest,Support & Maintenance,118589,36300,82289,69.4,117705,100.8,363,0,0,119.6,0,0,476882,25.8
2023,9,Sep,Q3,West,Support & Maintenance,384006,118380,265626,69.2,340725,112.7,203,0,0,124.6,0,0,1253413,28.8
2023,9,Sep,Q3,International,Support & Maintenance,201851,60563,141288,70.0,179655,112.4,279,0,0,112.6,0,0,671218,23.8
2023,9,Sep,Q3,Northeast,Training & Enablement,114830,58650,56180,48.9,105315,109.0,53,0,0,123.4,0,0,351703,29.8
2023,9,Sep,Q3,Southeast,Training & Enablement,69252,35403,33849,48.9,68145,101.6,66,0,0,108.3,0,0,258145,35.1
2023,9,Sep,Q3,Midwest,Training & Enablement,58603,30438,28165,48.1,52038,112.6,80,0,0,114.3,0,0,193951,22.5
2023,9,Sep,Q3,West,Training & Enablement,155206,74929,80277,51.7,148680,104.4,48,0,0,124.8,0,0,627829,27.6
2023,9,Sep,Q3,International,Training & Enablement,94799,47453,47346,49.9,84252,112.5,15,0,0,123.5,0,0,348465,35.6
2023,10,Oct,Q4,Northeast,Enterprise SaaS,2415332,695589,1719743,71.2,2230200,108.3,208,7,0,123.0,18203,86285,8465139,27.5
2023,10,Oct,Q4,Southeast,Enterprise SaaS,1334822,395293,939529,70.4,1362900,97.9,242,5,0,127.8,24724,250993,4694732,35.2
2023,10,Oct,Q4,Midwest,Enterprise SaaS,1246288,391578,854710,68.6,1177050,105.9,272,6,0,117.8,13610,185123,5042896,31.2
2023,10,Oct,Q4,West,Enterprise SaaS,2924504,888897,2035607,69.6,2849700,102.6,240,1,0,108.3,10740,217362,9495979,30.2
2023,10,Oct,Q4,International,Enterprise SaaS,1680560,534009,1146551,68.2,1734600,96.9,164,8,0,120.7,14736,171295,5211138,30.4
2023,10,Oct,Q4,Northeast,Professional Services,547950,339139,208811,38.1,532770,102.8,31,0,0,122.9,0,0,2135643,24.5
2023,10,Oct,Q4,Southeast,Professional Services,338302,201979,136323,40.3,346920,97.5,43,0,0,120.6,0,0,1277353,33.3
2023,10,Oct,Q4,Midwest,Professional Services,259742,158443,101299,39.0,260190,99.8,22,0,0,108.6,0,0,866083,26.4
2023,10,Oct,Q4,West,Professional Services,714655,436538,278117,38.9,731010,97.8,30,0,0,124.3,0,0,2555590,35.8
2023,10,Oct,Q4,International,Professional Services,419397,245480,173917,41.5,396480,105.8,38,0,0,117.0,0,0,1184970,35.4
2023,10,Oct,Q4,Northeast,Support & Maintenance,249314,74418,174896,70.2,235410,105.9,506,0,0,108.7,0,0,699021,23.1
2023,10,Oct,Q4,Southeast,Support & Maintenance,148693,44227,104466,70.3,148680,100.0,284,0,0,119.7,0,0,489469,32.6
2023,10,Oct,Q4,Midwest,Support & Maintenance,118327,35386,82941,70.1,117705,100.5,764,0,0,118.5,0,0,408931,23.2
2023,10,Oct,Q4,West,Support & Maintenance,371048,112941,258107,69.6,340725,108.9,383,0,0,123.9,0,0,1133882,25.8
2023,10,Oct,Q4,International,Support & Maintenance,178001,52739,125262,70.4,179655,99.1,322,0,0,126.0,0,0,646801,31.9
2023,10,Oct,Q4,Northeast,Training & Enablement,104309,53919,50390,48.3,105315,99.0,78,0,0,119.2,0,0,345211,28.8
2023,10,Oct,Q4,Southeast,Training & Enablement,67007,32861,34146,51.0,68145,98.3,17,0,0,125.0,0,0,246108,32.6
2023,10,Oct,Q4,Midwest,Training & Enablement,55880,27801,28079,50.2,52038,107.4,61,0,0,124.3,0,0,164478,22.1
2023,10,Oct,Q4,West,Training & Enablement,158558,79323,79235,50.0,148680,106.6,66,0,0,121.9,0,0,651335,32.5
2023,10,Oct,Q4,International,Training & Enablement,91645,46058,45587,49.7,84252,108.8,40,0,0,122.3,0,0,353359,35.0
2023,11,Nov,Q4,Northeast,Enterprise SaaS,2547485,768763,1778722,69.8,2230200,114.2,165,7,0,115.2,16766,99138,9190617,24.7
2023,11,Nov,Q4,Southeast,Enterprise SaaS,1451452,448163,1003289,69.1,1362900,106.5,207,3,2,100.7,18771,96294,5087227,33.3
2023,11,Nov,Q4,Midwest,Enterprise SaaS,1304788,412192,892596,68.4,1177050,110.9,221,4,0,118.3,21606,182511,4059818,29.9
2023,11,Nov,Q4,West,Enterprise SaaS,3131168,987808,2143360,68.5,2849700,109.9,234,1,0,121.0,8532,184640,10749594,32.7
2023,11,Nov,Q4,International,Enterprise SaaS,1960650,580836,1379814,70.4,1734600,113.0,80,3,0,116.0,24445,246685,8017120,27.6
2023,11,Nov,Q4,Northeast,Professional Services,605501,356723,248778,41.1,532770,113.7,24,0,0,121.0,0,0,2526438,29.8
2023,11,Nov,Q4,Southeast,Professional Services,396518,243779,152739,38.5,346920,114.3,41,0,0,124.6,0,0,1279782,28.3
2023,11,Nov,Q4,Midwest,Professional Services,291853,171755,120098,41.1,260190,112.2,18,0,0,110.1,0,0,885407,24.2
2023,11,Nov,Q4,West,Professional Services,831503,492855,338648,40.7,731010,113.7,24,0,0,119.9,0,0,2608546,30.7
2023,11,Nov,Q4,International,Professional Services,418885,259071,159814,38.2,396480,105.7,39,0,0,121.4,0,0,1627025,23.8
2023,11,Nov,Q4,Northeast,Support & Maintenance,244717,74626,170091,69.5,235410,104.0,454,0,0,111.9,0,0,942130,36.7
2023,11,Nov,Q4,Southeast,Support & Maintenance,170184,51560,118624,69.7,148680,114.5,450,0,0,112.4,0,0,661857,28.3
2023,11,Nov,Q4,Midwest,Support & Maintenance,132001,40293,91708,69.5,117705,112.1,415,0,0,124.9,0,0,431822,27.1
2023,11,Nov,Q4,West,Support & Maintenance,392120,119814,272306,69.4,340725,115.1,723,0,0,116.2,0,0,1342657,33.5
2023,11,Nov,Q4,International,Support & Maintenance,203322,62564,140758,69.2,179655,113.2,610,0,0,114.8,0,0,710063,30.2
2023,11,Nov,Q4,Northeast,Training & Enablement,110300,53990,56310,51.1,105315,104.7,52,0,0,111.6,0,0,402962,37.0
2023,11,Nov,Q4,Southeast,Training & Enablement,75787,39001,36786,48.5,68145,111.2,31,0,0,127.7,0,0,273459,27.4
2023,11,Nov,Q4,Midwest,Training & Enablement,58849,29141,29708,50.5,52038,113.1,33,0,0,108.4,0,0,210204,26.2
2023,11,Nov,Q4,West,Training & Enablement,166338,83991,82347,49.5,148680,111.9,41,0,0,120.5,0,0,626260,33.8
2023,11,Nov,Q4,International,Training & Enablement,91327,46311,45016,49.3,84252,108.4,41,0,0,127.2,0,0,334905,25.4
2023,12,Dec,Q4,Northeast,Enterprise SaaS,2659573,765270,1894303,71.2,2230200,119.3,256,5,0,125.5,11662,290190,7722588,36.4
2023,12,Dec,Q4,Southeast,Enterprise SaaS,1617585,469288,1148297,71.0,1362900,118.7,250,4,0,121.9,17705,166286,4839716,27.2
2023,12,Dec,Q4,Midwest,Enterprise SaaS,1453582,448384,1005198,69.2,1177050,123.5,165,2,0,113.0,13521,262015,5261180,30.7
2023,12,Dec,Q4,West,Enterprise SaaS,3295116,983089,2312027,70.2,2849700,115.6,111,4,0,115.8,17272,298577,12489415,34.9
2023,12,Dec,Q4,International,Enterprise SaaS,2218951,689074,1529877,68.9,1734600,127.9,91,5,1,106.0,13898,234375,7226351,33.5
2023,12,Dec,Q4,Northeast,Professional Services,634260,383433,250827,39.5,532770,119.0,36,0,0,110.8,0,0,2263862,24.1
2023,12,Dec,Q4,Southeast,Professional Services,418098,245423,172675,41.3,346920,120.5,16,0,0,125.1,0,0,1177228,32.7
2023,12,Dec,Q4,Midwest,Professional Services,312270,182985,129285,41.4,260190,120.0,37,0,0,111.6,0,0,1307514,32.4
2023,12,Dec,Q4,West,Professional Services,850534,514926,335608,39.5,731010,116.4,23,0,0,108.5,0,0,2722807,37.5
2023,12,Dec,Q4,International,Professional Services,510048,299902,210146,41.2,396480,128.6,40,0,0,114.4,0,0,1991713,29.3
2023,12,Dec,Q4,Northeast,Support & Maintenance,290750,89622,201128,69.2,235410,123.5,527,0,0,125.4,0,0,1033916,35.0
2023,12,Dec,Q4,Southeast,Support & Maintenance,176939,53013,123926,70.0,148680,119.0,422,0,0,123.5,0,0,550714,34.9
2023,12,Dec,Q4,Midwest,Support & Maintenance,143975,42601,101374,70.4,117705,122.3,551,0,0,125.6,0,0,455995,23.4
2023,12,Dec,Q4,West,Support & Maintenance,408002,122177,285825,70.1,340725,119.7,555,0,0,112.8,0,0,1558687,23.8
2023,12,Dec,Q4,International,Support & Maintenance,230196,69721,160475,69.7,179655,128.1,388,0,0,112.7,0,0,922092,24.6
2023,12,Dec,Q4,Northeast,Training & Enablement,131294,68232,63062,48.0,105315,124.7,57,0,0,111.8,0,0,528548,36.3
2023,12,Dec,Q4,Southeast,Training & Enablement,79012,39171,39841,50.4,68145,115.9,40,0,0,125.8,0,0,270151,33.2
2023,12,Dec,Q4,Midwest,Training & Enablement,65521,31732,33789,51.6,52038,125.9,18,0,0,108.1,0,0,194377,29.2
2023,12,Dec,Q4,West,Training & Enablement,181153,92871,88282,48.7,148680,121.8,11,0,0,110.0,0,0,583130,31.4
2023,12,Dec,Q4,International,Training & Enablement,101222,48745,52477,51.8,84252,120.1,65,0,0,117.7,0,0,387454,28.0
2024,1,Jan,Q1,Northeast,Enterprise SaaS,2306570,737072,1569498,68.0,2664900,86.6,270,8,0,122.3,14144,313659,8401861,29.4
2024,1,Jan,Q1,Southeast,Enterprise SaaS,1374050,387798,986252,71.8,1628550,84.4,84,3,0,122.6,13337,195757,4527776,27.7
2024,1,Jan,Q1,Midwest,Enterprise SaaS,1222202,357940,864262,70.7,1406475,86.9,253,6,1,95.4,18115,189231,3872505,30.2
2024,1,Jan,Q1,West,Enterprise SaaS,2795338,850405,1944933,69.6,3405150,82.1,233,1,0,124.0,13720,199620,11427701,37.6
2024,1,Jan,Q1,International,Enterprise SaaS,1673774,486648,1187126,70.9,2072700,80.8,103,7,0,127.2,24438,217986,6793298,23.2
2024,1,Jan,Q1,Northeast,Professional Services,533186,318580,214606,40.2,636615,83.8,42,0,0,120.8,0,0,1811807,25.9
2024,1,Jan,Q1,Southeast,Professional Services,338682,206442,132240,39.0,414540,81.7,24,0,0,125.2,0,0,1291223,37.2
2024,1,Jan,Q1,Midwest,Professional Services,255346,148261,107085,41.9,310905,82.1,42,0,0,121.4,0,0,1034426,32.1
2024,1,Jan,Q1,West,Professional Services,699598,416305,283293,40.5,873495,80.1,23,0,0,127.3,0,0,2153145,35.9
2024,1,Jan,Q1,International,Professional Services,415133,254890,160243,38.6,473760,87.6,36,0,0,119.6,0,0,1508911,26.4
2024,1,Jan,Q1,Northeast,Support & Maintenance,223217,65673,157544,70.6,281295,79.4,742,0,0,124.0,0,0,718923,26.8
2024,1,Jan,Q1,Southeast,Support & Maintenance,148082,44613,103469,69.9,177660,83.4,776,0,0,116.3,0,0,448677,33.2
2024,1,Jan,Q1,Midwest,Support & Maintenance,123722,36781,86941,70.3,140647,88.0,405,0,0,120.2,0,0,358984,33.8
2024,1,Jan,Q1,West,Support & Maintenance,340412,105438,234974,69.0,407137,83.6,438,0,0,112.4,0,0,1182060,29.1
2024,1,Jan,Q1,International,Support & Maintenance,174239,52676,121563,69.8,214672,81.2,427,0,0,125.6,0,0,525825,37.7
2024,1,Jan,Q1,Northeast,Training & Enablement,106119,51606,54513,51.4,125842,84.3,68,0,0,109.7,0,0,304995,25.9
2024,1,Jan,Q1,Southeast,Training & Enablement,70601,34719,35882,50.8,81427,86.7,51,0,0,109.5,0,0,204258,23.5
2024,1,Jan,Q1,Midwest,Training & Enablement,49102,24100,25002,50.9,62181,79.0,49,0,0,126.9,0,0,161369,27.5
2024,1,Jan,Q1,West,Training & Enablement,148773,74432,74341,50.0,177660,83.7,29,0,0,125.0,0,0,575309,25.1
2024,1,Jan,Q1,International,Training & Enablement,83626,40954,42672,51.0,100674,83.1,21,0,0,118.5,0,0,336964,26.4
2024,2,Feb,Q1,Northeast,Enterprise SaaS,2408855,738007,1670848,69.4,2664900,90.4,253,8,0,108.5,15317,193129,8054115,29.3
2024,2,Feb,Q1,Southeast,Enterprise SaaS,1501826,455064,1046762,69.7,1628550,92.2,162,6,0,122.9,12827,168062,4657858,23.0
2024,2,Feb,Q1,Midwest,Enterprise SaaS,1250551,374634,875917,70.0,1406475,88.9,153,4,0,111.4,24999,106659,4963473,35.8
2024,2,Feb,Q1,West,Enterprise SaaS,3152873,947229,2205644,70.0,3405150,92.6,242,8,0,117.5,17219,211961,9983373,28.6
2024,2,Feb,Q1,International,Enterprise SaaS,1738500,528534,1209966,69.6,2072700,83.9,82,2,0,114.6,22640,259431,5356288,32.4
2024,2,Feb,Q1,Northeast,Professional Services,558047,331791,226256,40.5,636615,87.7,21,0,0,118.5,0,0,1926779,35.3
2024,2,Feb,Q1,Southeast,Professional Services,359273,217219,142054,39.5,414540,86.7,34,0,0,116.4,0,0,1034930,23.4
2024,2,Feb,Q1,Midwest,Professional Services,259518,152780,106738,41.1,310905,83.5,37,0,0,127.2,0,0,942361,37.3
2024,2,Feb,Q1,West,Professional Services,776447,460529,315918,40.7,873495,88.9,31,0,0,113.9,0,0,3013440,23.4
2024,2,Feb,Q1,International,Professional Services,408647,238632,170015,41.6,473760,86.3,35,0,0,120.7,0,0,1557587,26.2
2024,2,Feb,Q1,Northeast,Support & Maintenance,235709,70941,164768,69.9,281295,83.8,352,0,0,110.1,0,0,884782,22.4
2024,2,Feb,Q1,Southeast,Support & Maintenance,158859,48441,110418,69.5,177660,89.4,241,0,0,118.8,0,0,466499,24.0
2024,2,Feb,Q1,Midwest,Support & Maintenance,128346,38132,90214,70.3,140647,91.3,513,0,0,124.8,0,0,419507,36.8
2024,2,Feb,Q1,West,Support & Maintenance,353618,107918,245700,69.5,407137,86.9,411,0,0,124.5,0,0,1078888,35.3
2024,2,Feb,Q1,International,Support & Maintenance,199310,61607,137703,69.1,214672,92.8,434,0,0,114.5,0,0,787372,33.9
2024,2,Feb,Q1,Northeast,Training & Enablement,104095,53026,51069,49.1,125842,82.7,20,0,0,120.2,0,0,331286,29.4
2024,2,Feb,Q1,Southeast,Training & Enablement,69183,35214,33969,49.1,81427,85.0,57,0,0,115.4,0,0,249692,30.3
2024,2,Feb,Q1,Midwest,Training & Enablement,54846,27611,27235,49.7,62181,88.2,56,0,0,114.3,0,0,209022,28.9
2024,2,Feb,Q1,West,Training & Enablement,154249,76299,77950,50.5,177660,86.8,64,0,0,114.7,0,0,630894,22.1
2024,2,Feb,Q1,International,Training & Enablement,86780,42227,44553,51.3,100674,86.2,36,0,0,117.0,0,0,252160,35.3
2024,3,Mar,Q1,Northeast,Enterprise SaaS,2566047,803106,1762941,68.7,2664900,96.3,101,5,0,117.2,22645,87453,8242794,27.3
2024,3,Mar,Q1,Southeast,Enterprise SaaS,1650959,488662,1162297,70.4,1628550,101.4,133,6,0,108.9,11268,224869,4623675,35.7
2024,3,Mar,Q1,Midwest,Enterprise SaaS,1366131,407904,958227,70.1,1406475,97.1,270,2,3,97.2,11780,99693,3886862,33.5
2024,3,Mar,Q1,West,Enterprise SaaS,3278219,997596,2280623,69.6,3405150,96.3,133,6,0,124.9,11831,102853,13255836,29.8
2024,3,Mar,Q1,International,Enterprise SaaS,1978234,630103,1348131,68.1,2072700,95.4,241,4,3,99.4,22263,234581,5831949,30.6
2024,3,Mar,Q1,Northeast,Professional Services,647889,400534,247355,38.2,636615,101.8,29,0,0,110.7,0,0,1875670,27.2
2024,3,Mar,Q1,Southeast,Professional Services,431575,267064,164511,38.1,414540,104.1,18,0,0,108.0,0,0,1703446,32.4
2024,3,Mar,Q1,Midwest,Professional Services,322765,191390,131375,40.7,310905,103.8,30,0,0,126.2,0,0,1050581,25.2
2024,3,Mar,Q1,West,Professional Services,889745,538651,351094,39.5,873495,101.9,29,0,0,110.8,0,0,2524132,33.5
2024,3,Mar,Q1,International,Professional Services,459528,275541,183987,40.0,473760,97.0,40,0,0,124.1,0,0,1478548,32.4
2024,3,Mar,Q1,Northeast,Support & Maintenance,267496,80001,187495,70.1,281295,95.1,566,0,0,122.5,0,0,1051812,34.7
2024,3,Mar,Q1,Southeast,Support & Maintenance,173826,52477,121349,69.8,177660,97.8,214,0,0,117.7,0,0,579011,29.0
2024,3,Mar,Q1,Midwest,Support & Maintenance,134739,40462,94277,70.0,140647,95.8,380,0,0,117.7,0,0,457178,28.6
2024,3,Mar,Q1,West,Support & Maintenance,384377,113164,271213,70.6,407137,94.4,551,0,0,127.0,0,0,1106867,31.0
2024,3,Mar,Q1,International,Support & Maintenance,218916,65544,153372,70.1,214672,102.0,777,0,0,124.8,0,0,650684,23.7
2024,3,Mar,Q1,Northeast,Training & Enablement,126236,65616,60620,48.0,125842,100.3,38,0,0,113.7,0,0,519424,36.4
2024,3,Mar,Q1,Southeast,Training & Enablement,81229,41899,39330,48.4,81427,99.8,58,0,0,110.3,0,0,297702,28.2
2024,3,Mar,Q1,Midwest,Training & Enablement,61154,30601,30553,50.0,62181,98.3,28,0,0,109.1,0,0,255798,32.7
2024,3,Mar,Q1,West,Training & Enablement,170272,85690,84582,49.7,177660,95.8,15,0,0,121.4,0,0,595336,30.8
2024,3,Mar,Q1,International,Training & Enablement,97415,47974,49441,50.8,100674,96.8,37,0,0,109.4,0,0,301451,31.5
2024,4,Apr,Q2,Northeast,Enterprise SaaS,2576267,753987,1822280,70.7,2664900,96.7,152,5,0,108.4,19636,215439,7235394,32.2
2024,4,Apr,Q2,Southeast,Enterprise SaaS,1545676,492242,1053434,68.2,1628550,94.9,206,5,3,102.5,23705,199398,5591773,31.5
2024,4,Apr,Q2,Midwest,Enterprise SaaS,1331040,400887,930153,69.9,1406475,94.6,192,2,3,95.6,9091,147126,4360402,33.9
2024,4,Apr,Q2,West,Enterprise SaaS,3214165,936746,2277419,70.9,3405150,94.4,184,8,0,123.9,12391,154544,9115771,37.1
2024,4,Apr,Q2,International,Enterprise SaaS,1806491,566797,1239694,68.6,2072700,87.2,247,6,0,110.2,12290,112579,7068577,22.7
2024,4,Apr,Q2,Northeast,Professional Services,603823,372825,230998,38.3,636615,94.8,26,0,0,109.9,0,0,2324245,25.5
2024,4,Apr,Q2,Southeast,Professional Services,360404,218995,141409,39.2,414540,86.9,32,0,0,108.5,0,0,1216606,35.7
2024,4,Apr,Q2,Midwest,Professional Services,283152,171763,111389,39.3,310905,91.1,39,0,0,108.5,0,0,948374,22.5
2024,4,Apr,Q2,West,Professional Services,773474,451849,321625,41.6,873495,88.5,37,0,0,126.5,0,0,3087773,32.6
2024,4,Apr,Q2,International,Professional Services,460326,273312,187014,40.6,473760,97.2,41,0,0,124.1,0,0,1781950,25.3
2024,4,Apr,Q2,Northeast,Support & Maintenance,271480,81508,189972,70.0,281295,96.5,389,0,0,111.5,0,0,1132271,36.1
2024,4,Apr,Q2,Southeast,Support & Maintenance,161116,47011,114105,70.8,177660,90.7,321,0,0,122.9,0,0,655626,36.4
2024,4,Apr,Q2,Midwest,Support & Maintenance,129949,38139,91810,70.7,140647,92.4,625,0,0,121.3,0,0,368212,37.8
2024,4,Apr,Q2,West,Support & Maintenance,364461,109581,254880,69.9,407137,89.5,470,0,0,119.6,0,0,1359688,33.2
2024,4,Apr,Q2,International,Support & Maintenance,196142,59118,137024,69.9,214672,91.4,743,0,0,111.6,0,0,803260,29.1
2024,4,Apr,Q2,Northeast,Training & Enablement,119128,61233,57895,48.6,125842,94.7,68,0,0,119.2,0,0,493206,26.0
2024,4,Apr,Q2,Southeast,Training & Enablement,76862,39026,37836,49.2,81427,94.4,50,0,0,121.3,0,0,245183,26.5
2024,4,Apr,Q2,Midwest,Training & Enablement,57418,28741,28677,49.9,62181,92.3,27,0,0,118.2,0,0,183577,35.0
2024,4,Apr,Q2,West,Training & Enablement,156160,78138,78022,50.0,177660,87.9,14,0,0,116.7,0,0,612668,25.4
2024,4,Apr,Q2,International,Training & Enablement,96313,49291,47022,48.8,100674,95.7,32,0,0,111.8,0,0,322689,36.7
2024,5,May,Q2,Northeast,Enterprise SaaS,2763582,818280,1945302,70.4,2664900,103.7,152,4,0,108.2,17813,159634,11578887,28.0
2024,5,May,Q2,Southeast,Enterprise SaaS,1669644,500997,1168647,70.0,1628550,102.5,267,6,0,118.1,24219,232998,4839024,26.4
2024,5,May,Q2,Midwest,Enterprise SaaS,1363229,401045,962184,70.6,1406475,96.9,156,2,3,104.3,15590,149955,5578591,22.7
2024,5,May,Q2,West,Enterprise SaaS,3256128,973044,2283084,70.1,3405150,95.6,188,6,0,110.6,16284,99639,12297736,22.9
2024,5,May,Q2,International,Enterprise SaaS,2029189,589220,1439969,71.0,2072700,97.9,114,7,3,107.0,21459,156937,7939946,37.5
2024,5,May,Q2,Northeast,Professional Services,589920,363981,225939,38.3,636615,92.7,42,0,0,113.7,0,0,1686889,34.4
2024,5,May,Q2,Southeast,Professional Services,416060,252477,163583,39.3,414540,100.4,25,0,0,116.5,0,0,1172332,36.7
2024,5,May,Q2,Midwest,Professional Services,320630,192642,127988,39.9,310905,103.1,43,0,0,115.9,0,0,1126248,36.0
2024,5,May,Q2,West,Professional Services,851055,503636,347419,40.8,873495,97.4,35,0,0,115.9,0,0,3428125,25.6
2024,5,May,Q2,International,Professional Services,454664,272290,182374,40.1,473760,96.0,39,0,0,108.4,0,0,1480097,27.4
2024,5,May,Q2,Northeast,Support & Maintenance,279813,83478,196335,70.2,281295,99.5,205,0,0,115.9,0,0,969686,28.9
2024,5,May,Q2,Southeast,Support & Maintenance,167955,51914,116041,69.1,177660,94.5,242,0,0,116.0,0,0,533939,28.4
2024,5,May,Q2,Midwest,Support & Maintenance,133321,40762,92559,69.4,140647,94.8,406,0,0,118.5,0,0,424200,32.0
2024,5,May,Q2,West,Support & Maintenance,418320,126520,291800,69.8,407137,102.7,348,0,0,110.8,0,0,1238025,36.2
2024,5,May,Q2,International,Support & Maintenance,200835,59408,141427,70.4,214672,93.6,429,0,0,123.2,0,0,584654,22.8
2024,5,May,Q2,Northeast,Training & Enablement,122809,60419,62390,50.8,125842,97.6,57,0,0,110.0,0,0,427785,31.5
2024,5,May,Q2,Southeast,Training & Enablement,78259,40313,37946,48.5,81427,96.1,49,0,0,126.4,0,0,233130,37.0
2024,5,May,Q2,Midwest,Training & Enablement,61526,31157,30369,49.4,62181,98.9,44,0,0,125.0,0,0,190513,30.4
2024,5,May,Q2,West,Training & Enablement,178921,90486,88435,49.4,177660,100.7,11,0,0,122.2,0,0,641050,22.3
2024,5,May,Q2,International,Training & Enablement,101327,50775,50552,49.9,100674,100.6,21,0,0,119.6,0,0,311306,25.7
2024,6,Jun,Q2,Northeast,Enterprise SaaS,2843128,849049,1994079,70.1,2664900,106.7,270,5,2,103.6,9321,136332,8565667,25.3
2024,6,Jun,Q2,Southeast,Enterprise SaaS,1734853,553985,1180868,68.1,1628550,106.5,280,2,0,117.7,10248,229380,5787466,29.5
2024,6,Jun,Q2,Midwest,Enterprise SaaS,1443749,446335,997414,69.1,1406475,102.7,119,7,3,106.5,15079,134850,5720414,24.6
2024,6,Jun,Q2,West,Enterprise SaaS,3457443,1016405,2441038,70.6,3405150,101.5,111,7,0,125.5,11262,276481,11441585,26.0
2024,6,Jun,Q2,International,Enterprise SaaS,2266707,683122,1583585,69.9,2072700,109.4,87,5,0,111.5,12522,247656,8078627,26.8
2024,6,Jun,Q2,Northeast,Professional Services,686656,408996,277660,40.4,636615,107.9,36,0,0,127.6,0,0,2328516,25.1
2024,6,Jun,Q2,Southeast,Professional Services,420128,245044,175084,41.7,414540,101.3,32,0,0,108.8,0,0,1346452,26.4
2024,6,Jun,Q2,Midwest,Professional Services,332800,199674,133126,40.0,310905,107.0,35,0,0,120.0,0,0,995357,28.2
2024,6,Jun,Q2,West,Professional Services,951490,571793,379697,39.9,873495,108.9,25,0,0,114.9,0,0,2713341,26.8
2024,6,Jun,Q2,International,Professional Services,484732,296880,187852,38.8,473760,102.3,31,0,0,124.8,0,0,1578061,31.5
2024,6,Jun,Q2,Northeast,Support & Maintenance,277417,81470,195947,70.6,281295,98.6,535,0,0,113.1,0,0,1015771,37.4
2024,6,Jun,Q2,Southeast,Support & Maintenance,179726,54116,125610,69.9,177660,101.2,770,0,0,120.2,0,0,741787,33.7
2024,6,Jun,Q2,Midwest,Support & Maintenance,148522,45419,103103,69.4,140647,105.6,670,0,0,109.8,0,0,479826,22.6
2024,6,Jun,Q2,West,Support & Maintenance,398949,123213,275736,69.1,407137,98.0,614,0,0,125.2,0,0,1247868,37.7
2024,6,Jun,Q2,International,Support & Maintenance,228235,68484,159751,70.0,214672,106.3,237,0,0,119.7,0,0,656508,24.6
2024,6,Jun,Q2,Northeast,Training & Enablement,126350,60721,65629,51.9,125842,100.4,19,0,0,111.2,0,0,434571,36.2
2024,6,Jun,Q2,Southeast,Training & Enablement,82897,40565,42332,51.1,81427,101.8,59,0,0,108.4,0,0,290160,22.2
2024,6,Jun,Q2,Midwest,Training & Enablement,68137,34253,33884,49.7,62181,109.6,43,0,0,123.1,0,0,223423,32.5
2024,6,Jun,Q2,West,Training & Enablement,189212,96070,93142,49.2,177660,106.5,22,0,0,111.7,0,0,611321,26.1
2024,6,Jun,Q2,International,Training & Enablement,108148,55455,52693,48.7,100674,107.4,26,0,0,115.8,0,0,434912,25.0
2024,7,Jul,Q3,Northeast,Enterprise SaaS,2373228,725355,1647873,69.4,2664900,89.1,195,1,1,102.6,20062,126413,9460589,24.9
2024,7,Jul,Q3,Southeast,Enterprise SaaS,1477606,456579,1021027,69.1,1628550,90.7,223,1,1,100.3,14355,291464,5055187,37.3
2024,7,Jul,Q3,Midwest,Enterprise SaaS,1220576,372181,848395,69.5,1406475,86.8,279,4,0,110.0,11393,218738,3582540,35.3
2024,7,Jul,Q3,West,Enterprise SaaS,3151481,933356,2218125,70.4,3405150,92.6,194,8,0,110.9,15374,218888,12509017,30.7
2024,7,Jul,Q3,International,Enterprise SaaS,1869387,533120,1336267,71.5,2072700,90.2,89,7,0,119.4,24581,180869,7279295,22.9
2024,7,Jul,Q3,Northeast,Professional Services,554885,327950,226935,40.9,636615,87.2,42,0,0,119.5,0,0,1661066,27.5
2024,7,Jul,Q3,Southeast,Professional Services,349890,207851,142039,40.6,414540,84.4,17,0,0,118.9,0,0,1207727,25.8
2024,7,Jul,Q3,Midwest,Professional Services,268429,156043,112386,41.9,310905,86.3,33,0,0,117.4,0,0,957417,28.7
2024,7,Jul,Q3,West,Professional Services,799132,485244,313888,39.3,873495,91.5,20,0,0,117.2,0,0,2424486,26.2
2024,7,Jul,Q3,International,Professional Services,431663,254045,177618,41.1,473760,91.1,15,0,0,123.0,0,0,1647898,27.9
2024,7,Jul,Q3,Northeast,Support & Maintenance,238019,72022,165997,69.7,281295,84.6,647,0,0,108.9,0,0,668335,36.4
2024,7,Jul,Q3,Southeast,Support & Maintenance,154511,47820,106691,69.1,177660,87.0,677,0,0,126.9,0,0,492789,23.9
2024,7,Jul,Q3,Midwest,Support & Maintenance,123466,36150,87316,70.7,140647,87.8,583,0,0,123.3,0,0,475788,31.2
2024,7,Jul,Q3,West,Support & Maintenance,385861,112709,273152,70.8,407137,94.8,463,0,0,127.0,0,0,1339565,25.5
2024,7,Jul,Q3,International,Support & Maintenance,198685,58078,140607,70.8,214672,92.6,285,0,0,116.4,0,0,657432,23.8
2024,7,Jul,Q3,Northeast,Training & Enablement,116348,56645,59703,51.3,125842,92.5,76,0,0,121.1,0,0,328187,30.1
2024,7,Jul,Q3,Southeast,Training & Enablement,72117,35583,36534,50.7,81427,88.6,28,0,0,121.1,0,0,228705,35.1
2024,7,Jul,Q3,Midwest,Training & Enablement,56046,28594,27452,49.0,62181,90.1,14,0,0,122.6,0,0,159975,34.0
2024,7,Jul,Q3,West,Training & Enablement,156127,77294,78833,50.5,177660,87.9,41,0,0,122.6,0,0,575319,25.8
2024,7,Jul,Q3,International,Training & Enablement,88554,43118,45436,51.3,100674,88.0,44,0,0,112.7,0,0,298384,35.5
2024,8,Aug,Q3,Northeast,Enterprise SaaS,2512124,745741,1766383,70.3,2664900,94.3,259,1,1,100.6,20784,205080,9426390,35.8
2024,8,Aug,Q3,Southeast,Enterprise SaaS,1531214,441157,1090057,71.2,1628550,94.0,129,3,0,113.0,17080,296773,4721885,37.5
2024,8,Aug,Q3,Midwest,Enterprise SaaS,1346502,378626,967876,71.9,1406475,95.7,186,1,1,99.1,16704,217952,4386220,34.9
2024,8,Aug,Q3,West,Enterprise SaaS,3293259,932711,2360548,71.7,3405150,96.7,151,8,0,114.3,19101,134158,12925090,32.9
2024,8,Aug,Q3,International,Enterprise SaaS,1945899,588604,1357295,69.8,2072700,93.9,259,2,0,111.9,16664,173312,7236953,36.6
2024,8,Aug,Q3,Northeast,Professional Services,610566,359601,250965,41.1,636615,95.9,17,0,0,117.0,0,0,1955200,26.5
2024,8,Aug,Q3,Southeast,Professional Services,387509,233839,153670,39.7,414540,93.5,28,0,0,116.8,0,0,1257774,35.4
2024,8,Aug,Q3,Midwest,Professional Services,285227,176133,109094,38.2,310905,91.7,43,0,0,123.1,0,0,1118869,28.5
2024,8,Aug,Q3,West,Professional Services,828890,493000,335890,40.5,873495,94.9,32,0,0,123.3,0,0,2618127,26.4
2024,8,Aug,Q3,International,Professional Services,451595,270045,181550,40.2,473760,95.3,38,0,0,124.2,0,0,1632272,26.6
2024,8,Aug,Q3,Northeast,Support & Maintenance,261103,77992,183111,70.1,281295,92.8,728,0,0,122.3,0,0,875258,30.7
2024,8,Aug,Q3,Southeast,Support & Maintenance,169330,49207,120123,70.9,177660,95.3,495,0,0,114.7,0,0,622611,26.8
2024,8,Aug,Q3,Midwest,Support & Maintenance,125921,38410,87511,69.5,140647,89.5,514,0,0,124.8,0,0,492848,24.6
2024,8,Aug,Q3,West,Support & Maintenance,361908,110554,251354,69.5,407137,88.9,269,0,0,126.4,0,0,1288086,31.1
2024,8,Aug,Q3,International,Support & Maintenance,190305,55899,134406,70.6,214672,88.6,636,0,0,117.1,0,0,636815,29.6
2024,8,Aug,Q3,Northeast,Training & Enablement,111573,54558,57015,51.1,125842,88.7,60,0,0,119.9,0,0,456114,32.0
2024,8,Aug,Q3,Southeast,Training & Enablement,75307,37531,37776,50.2,81427,92.5,21,0,0,120.8,0,0,236381,37.5
2024,8,Aug,Q3,Midwest,Training & Enablement,59308,29231,30077,50.7,62181,95.4,10,0,0,115.7,0,0,232920,23.1
2024,8,Aug,Q3,West,Training & Enablement,171063,86578,84485,49.4,177660,96.3,53,0,0,117.6,0,0,517514,29.0
2024,8,Aug,Q3,International,Training & Enablement,97235,47612,49623,51.0,100674,96.6,23,0,0,115.1,0,0,378414,27.6
2024,9,Sep,Q3,Northeast,Enterprise SaaS,2940331,918416,2021915,68.8,2664900,110.3,181,1,0,111.9,22866,302092,9393965,26.7
2024,9,Sep,Q3,Southeast,Enterprise SaaS,1781927,535983,1245944,69.9,1628550,109.4,90,7,3,101.8,17028,283319,5335999,36.9
2024,9,Sep,Q3,Midwest,Enterprise SaaS,1522763,453883,1068880,70.2,1406475,108.3,93,7,0,125.3,21217,104421,6200462,36.3
2024,9,Sep,Q3,West,Enterprise SaaS,3557048,1041669,2515379,70.7,3405150,104.5,179,5,2,101.7,22372,115467,10491841,22.7
2024,9,Sep,Q3,International,Enterprise SaaS,2309511,710881,1598630,69.2,2072700,111.4,273,6,0,118.3,12451,142985,8834996,37.4
2024,9,Sep,Q3,Northeast,Professional Services,656034,382571,273463,41.7,636615,103.1,30,0,0,117.4,0,0,2719741,23.8
2024,9,Sep,Q3,Southeast,Professional Services,425851,254046,171805,40.3,414540,102.7,20,0,0,117.3,0,0,1244436,32.1
2024,9,Sep,Q3,Midwest,Professional Services,317807,189425,128382,40.4,310905,102.2,27,0,0,112.2,0,0,906087,29.9
2024,9,Sep,Q3,West,Professional Services,974088,573276,400812,41.1,873495,111.5,21,0,0,126.7,0,0,4044502,23.2
2024,9,Sep,Q3,International,Professional Services,517079,301448,215631,41.7,473760,109.1,37,0,0,114.8,0,0,1809602,29.4
2024,9,Sep,Q3,Northeast,Support & Maintenance,310294,94106,216188,69.7,281295,110.3,505,0,0,126.3,0,0,1157842,36.7
2024,9,Sep,Q3,Southeast,Support & Maintenance,190284,57659,132625,69.7,177660,107.1,358,0,0,120.4,0,0,773339,32.6
2024,9,Sep,Q3,Midwest,Support & Maintenance,147533,44475,103058,69.9,140647,104.9,679,0,0,116.3,0,0,447971,33.8
2024,9,Sep,Q3,West,Support & Maintenance,445714,135797,309917,69.5,407137,109.5,474,0,0,124.2,0,0,1547429,37.0
2024,9,Sep,Q3,International,Support & Maintenance,236546,70800,165746,70.1,214672,110.2,368,0,0,121.5,0,0,893309,34.7
2024,9,Sep,Q3,Northeast,Training & Enablement,137728,71276,66452,48.2,125842,109.4,27,0,0,110.6,0,0,504122,23.2
2024,9,Sep,Q3,Southeast,Training & Enablement,91552,45222,46330,50.6,81427,112.4,76,0,0,119.5,0,0,369788,26.3
2024,9,Sep,Q3,Midwest,Training & Enablement,69750,35761,33989,48.7,62181,112.2,55,0,0,113.3,0,0,288541,37.4
2024,9,Sep,Q3,West,Training & Enablement,185239,94523,90716,49.0,177660,104.3,76,0,0,119.0,0,0,739528,33.6
2024,9,Sep,Q3,International,Training & Enablement,106135,51394,54741,51.6,100674,105.4,42,0,0,122.8,0,0,400928,28.0
2024,10,Oct,Q4,Northeast,Enterprise SaaS,2784517,886829,1897688,68.2,2664900,104.5,135,6,0,120.0,12649,136976,11454912,30.8
2024,10,Oct,Q4,Southeast,Enterprise SaaS,1727166,528219,1198947,69.4,1628550,106.1,111,7,0,118.4,16156,115988,6703976,27.8
2024,10,Oct,Q4,Midwest,Enterprise SaaS,1361768,432925,928843,68.2,1406475,96.8,159,3,0,118.9,8765,137947,4292569,25.1
2024,10,Oct,Q4,West,Enterprise SaaS,3702519,1066779,2635740,71.2,3405150,108.7,109,6,0,114.4,10759,256319,12532081,23.4
2024,10,Oct,Q4,International,Enterprise SaaS,2144962,635131,1509831,70.4,2072700,103.5,236,2,0,121.7,21163,103220,7610128,33.7
2024,10,Oct,Q4,Northeast,Professional Services,656494,390820,265674,40.5,636615,103.1,45,0,0,110.4,0,0,2138934,35.5
2024,10,Oct,Q4,Southeast,Professional Services,416728,254005,162723,39.0,414540,100.5,29,0,0,122.0,0,0,1694356,29.3
2024,10,Oct,Q4,Midwest,Professional Services,306325,177746,128579,42.0,310905,98.5,33,0,0,110.0,0,0,1007170,29.0
2024,10,Oct,Q4,West,Professional Services,862163,528566,333597,38.7,873495,98.7,34,0,0,114.1,0,0,2573516,27.7
2024,10,Oct,Q4,International,Professional Services,488155,302030,186125,38.1,473760,103.0,38,0,0,116.4,0,0,1888462,24.5
2024,10,Oct,Q4,Northeast,Support & Maintenance,272448,81174,191274,70.2,281295,96.9,764,0,0,111.6,0,0,1115055,24.8
2024,10,Oct,Q4,Southeast,Support & Maintenance,185568,55793,129775,69.9,177660,104.5,678,0,0,118.9,0,0,768004,22.0
2024,10,Oct,Q4,Midwest,Support & Maintenance,147496,43539,103957,70.5,140647,104.9,281,0,0,121.8,0,0,464519,36.1
2024,10,Oct,Q4,West,Support & Maintenance,420782,128551,292231,69.4,407137,103.4,603,0,0,116.0,0,0,1434626,33.7
2024,10,Oct,Q4,International,Support & Maintenance,226716,67457,159259,70.2,214672,105.6,769,0,0,124.2,0,0,786457,28.0
2024,10,Oct,Q4,Northeast,Training & Enablement,136511,66205,70306,51.5,125842,108.5,72,0,0,111.3,0,0,552599,33.2
2024,10,Oct,Q4,Southeast,Training & Enablement,82643,40050,42593,51.5,81427,101.5,30,0,0,111.2,0,0,238997,22.0
2024,10,Oct,Q4,Midwest,Training & Enablement,66040,32814,33226,50.3,62181,106.2,58,0,0,123.3,0,0,195795,24.6
2024,10,Oct,Q4,West,Training & Enablement,186153,92250,93903,50.4,177660,104.8,68,0,0,124.8,0,0,611240,30.7
2024,10,Oct,Q4,International,Training & Enablement,99044,50946,48098,48.6,100674,98.4,43,0,0,121.6,0,0,343503,30.5
2024,11,Nov,Q4,Northeast,Enterprise SaaS,2934665,888361,2046304,69.7,2664900,110.1,272,2,0,123.5,15149,113300,9742126,28.5
2024,11,Nov,Q4,Southeast,Enterprise SaaS,1844805,559386,1285419,69.7,1628550,113.3,138,5,2,95.6,16102,312618,5302107,24.7
2024,11,Nov,Q4,Midwest,Enterprise SaaS,1527488,455526,1071962,70.2,1406475,108.6,123,7,0,117.9,14807,221755,5492249,26.0
2024,11,Nov,Q4,West,Enterprise SaaS,3675497,1096505,2578992,70.2,3405150,107.9,103,6,0,128.0,8713,255770,11780512,23.0
2024,11,Nov,Q4,International,Enterprise SaaS,2138180,654516,1483664,69.4,2072700,103.2,167,4,0,124.0,11418,306444,7637232,22.9
2024,11,Nov,Q4,Northeast,Professional Services,680232,419203,261029,38.4,636615,106.9,18,0,0,123.1,0,0,2030474,22.3
2024,11,Nov,Q4,Southeast,Professional Services,427178,263974,163204,38.2,414540,103.0,37,0,0,123.0,0,0,1755645,34.3
2024,11,Nov,Q4,Midwest,Professional Services,342481,200532,141949,41.4,310905,110.2,34,0,0,113.6,0,0,1068070,34.1
2024,11,Nov,Q4,West,Professional Services,896038,548635,347403,38.8,873495,102.6,23,0,0,109.2,0,0,3605801,25.5
2024,11,Nov,Q4,International,Professional Services,517344,302496,214848,41.5,473760,109.2,30,0,0,127.8,0,0,2083677,32.1
2024,11,Nov,Q4,Northeast,Support & Maintenance,298643,88714,209929,70.3,281295,106.2,354,0,0,121.8,0,0,992566,28.7
2024,11,Nov,Q4,Southeast,Support & Maintenance,193499,57190,136309,70.4,177660,108.9,214,0,0,110.8,0,0,703427,34.2
2024,11,Nov,Q4,Midwest,Support & Maintenance,156688,48231,108457,69.2,140647,111.4,530,0,0,112.5,0,0,469486,34.3
2024,11,Nov,Q4,West,Support & Maintenance,468497,141602,326895,69.8,407137,115.1,380,0,0,110.2,0,0,1490373,33.1
2024,11,Nov,Q4,International,Support & Maintenance,228916,68931,159985,69.9,214672,106.6,355,0,0,121.7,0,0,820116,30.7
2024,11,Nov,Q4,Northeast,Training & Enablement,142279,73625,68654,48.3,125842,113.1,45,0,0,112.9,0,0,412226,34.1
2024,11,Nov,Q4,Southeast,Training & Enablement,93116,46347,46769,50.2,81427,114.4,69,0,0,115.6,0,0,347039,26.1
2024,11,Nov,Q4,Midwest,Training & Enablement,71055,34392,36663,51.6,62181,114.3,54,0,0,120.2,0,0,297123,36.1
2024,11,Nov,Q4,West,Training & Enablement,195986,97720,98266,50.1,177660,110.3,77,0,0,112.6,0,0,721391,23.3
2024,11,Nov,Q4,International,Training & Enablement,109940,54826,55114,50.1,100674,109.2,13,0,0,123.7,0,0,359076,27.2
2024,12,Dec,Q4,Northeast,Enterprise SaaS,3377313,953748,2423565,71.8,2664900,126.7,112,2,0,112.0,23072,190862,12388809,34.4
2024,12,Dec,Q4,Southeast,Enterprise SaaS,2050616,644109,1406507,68.6,1628550,125.9,151,2,0,113.9,14646,276297,8145328,27.9
2024,12,Dec,Q4,Midwest,Enterprise SaaS,1622465,474952,1147513,70.7,1406475,115.4,106,5,0,116.5,11577,213252,5308071,24.6
2024,12,Dec,Q4,West,Enterprise SaaS,4109934,1152298,2957636,72.0,3405150,120.7,260,1,0,109.5,8080,225921,13248448,22.6
2024,12,Dec,Q4,International,Enterprise SaaS,2401512,715344,1686168,70.2,2072700,115.9,261,5,0,119.3,23048,203822,7009162,28.5
2024,12,Dec,Q4,Northeast,Professional Services,816991,489461,327530,40.1,636615,128.3,16,0,0,118.1,0,0,2322581,34.0
2024,12,Dec,Q4,Southeast,Professional Services,517729,301437,216292,41.8,414540,124.9,15,0,0,108.7,0,0,1715745,35.5
2024,12,Dec,Q4,Midwest,Professional Services,390648,235530,155118,39.7,310905,125.6,18,0,0,114.4,0,0,1278278,24.7
2024,12,Dec,Q4,West,Professional Services,1093256,674575,418681,38.3,873495,125.2,28,0,0,113.3,0,0,3550648,26.6
2024,12,Dec,Q4,International,Professional Services,567511,350701,216810,38.2,473760,119.8,45,0,0,121.2,0,0,2209742,28.7
2024,12,Dec,Q4,Northeast,Support & Maintenance,343733,105011,238722,69.4,281295,122.2,246,0,0,108.1,0,0,1244949,32.8
2024,12,Dec,Q4,Southeast,Support & Maintenance,215102,65581,149521,69.5,177660,121.1,361,0,0,115.9,0,0,620370,23.0
2024,12,Dec,Q4,Midwest,Support & Maintenance,168515,52119,116396,69.1,140647,119.8,220,0,0,116.3,0,0,583295,23.2
2024,12,Dec,Q4,West,Support & Maintenance,498849,146129,352720,70.7,407137,122.5,636,0,0,109.1,0,0,1604727,22.9
2024,12,Dec,Q4,International,Support & Maintenance,257810,74953,182857,70.9,214672,120.1,686,0,0,127.5,0,0,1031255,31.6
2024,12,Dec,Q4,Northeast,Training & Enablement,153611,74315,79296,51.6,125842,122.1,16,0,0,114.6,0,0,557911,27.3
2024,12,Dec,Q4,Southeast,Training & Enablement,97625,46882,50743,52.0,81427,119.9,39,0,0,109.0,0,0,395154,26.0
2024,12,Dec,Q4,Midwest,Training & Enablement,78523,39330,39193,49.9,62181,126.3,28,0,0,111.2,0,0,322634,29.3
2024,12,Dec,Q4,West,Training & Enablement,224390,114998,109392,48.8,177660,126.3,45,0,0,112.1,0,0,916669,36.6
2024,12,Dec,Q4,International,Training & Enablement,119690,57905,61785,51.6,100674,118.9,47,0,0,127.6,0,0,360480,22.6
